Index,county,tax_year,average_ny_agi_of_all_returns
1999-Albany,Albany,1999,42564
1999-Allegany,Allegany,1999,28811
1999-Bronx,Bronx,1999,27377
1999-Broome,Broome,1999,35090
1999-Cattaraugus,Cattaraugus,1999,29862
1999-Cayuga,Cayuga,1999,32179
1999-Chautauqua,Chautauqua,1999,30337
1999-Chemung,Chemung,1999,34661
1999-Chenango,Chenango,1999,31554
1999-Clinton,Clinton,1999,33651
1999-Columbia,Columbia,1999,39863
1999-Cortland,Cortland,1999,31476
1999-Delaware,Delaware,1999,29741
1999-Dutchess,Dutchess,1999,47876
1999-Erie,Erie,1999,38554
1999-Essex,Essex,1999,32003
1999-Franklin,Franklin,1999,28465
1999-Fulton,Fulton,1999,30699
1999-Genesee,Genesee,1999,32961
1999-Greene,Greene,1999,33299
1999-Hamilton,Hamilton,1999,28949
1999-Herkimer,Herkimer,1999,28806
1999-Jefferson,Jefferson,1999,30875
1999-Kings,Kings,1999,33244
1999-Lewis,Lewis,1999,28603
1999-Livingston,Livingston,1999,35640
1999-Madison,Madison,1999,36241
1999-Monroe,Monroe,1999,44136
1999-Montgomery,Montgomery,1999,29756
1999-Nassau,Nassau,1999,73240
1999-New York,New York,1999,108851
1999-Niagara,Niagara,1999,33862
1999-Oneida,Oneida,1999,33359
1999-Onondaga,Onondaga,1999,41289
1999-Ontario,Ontario,1999,40722
1999-Orange,Orange,1999,45758
1999-Orleans,Orleans,1999,30748
1999-Oswego,Oswego,1999,34171
1999-Otsego,Otsego,1999,33530
1999-Putnam,Putnam,1999,60500
1999-Queens,Queens,1999,33951
1999-Rensselaer,Rensselaer,1999,36448
1999-Richmond,Richmond,1999,47084
1999-Rockland,Rockland,1999,60353
1999-Saratoga,Saratoga,1999,44636
1999-Schenectady,Schenectady,1999,40149
1999-Schoharie,Schoharie,1999,31493
1999-Schuyler,Schuyler,1999,30157
1999-Seneca,Seneca,1999,31032
1999-St Lawrence,St Lawrence,1999,30632
1999-Steuben,Steuben,1999,34974
1999-Suffolk,Suffolk,1999,55961
1999-Sullivan,Sullivan,1999,34273
1999-Tioga,Tioga,1999,34944
1999-Tompkins,Tompkins,1999,41700
1999-Ulster,Ulster,1999,38207
1999-Warren,Warren,1999,36813
1999-Washington,Washington,1999,30669
1999-Wayne,Wayne,1999,36210
1999-Westchester,Westchester,1999,95137
1999-Wyoming,Wyoming,1999,33390
1999-Yates,Yates,1999,30706
2000-Albany,Albany,2000,44882
2000-Allegany,Allegany,2000,29689
2000-Bronx,Bronx,2000,27707
2000-Broome,Broome,2000,36412
2000-Cattaraugus,Cattaraugus,2000,31477
2000-Cayuga,Cayuga,2000,33367
2000-Chautauqua,Chautauqua,2000,31255
2000-Chemung,Chemung,2000,37833
2000-Chenango,Chenango,2000,32028
2000-Clinton,Clinton,2000,34394
2000-Columbia,Columbia,2000,41043
2000-Cortland,Cortland,2000,33114
2000-Delaware,Delaware,2000,30018
2000-Dutchess,Dutchess,2000,51598
2000-Erie,Erie,2000,40688
2000-Essex,Essex,2000,34134
2000-Franklin,Franklin,2000,30934
2000-Fulton,Fulton,2000,31988
2000-Genesee,Genesee,2000,33291
2000-Greene,Greene,2000,35401
2000-Hamilton,Hamilton,2000,29231
2000-Herkimer,Herkimer,2000,30123
2000-Jefferson,Jefferson,2000,31315
2000-Kings,Kings,2000,34820
2000-Lewis,Lewis,2000,29403
2000-Livingston,Livingston,2000,36557
2000-Madison,Madison,2000,37813
2000-Monroe,Monroe,2000,45101
2000-Montgomery,Montgomery,2000,30850
2000-Nassau,Nassau,2000,80454
2000-New York,New York,2000,131395
2000-Niagara,Niagara,2000,34735
2000-Oneida,Oneida,2000,34301
2000-Onondaga,Onondaga,2000,42544
2000-Ontario,Ontario,2000,41341
2000-Orange,Orange,2000,47845
2000-Orleans,Orleans,2000,33140
2000-Oswego,Oswego,2000,33533
2000-Otsego,Otsego,2000,33915
2000-Putnam,Putnam,2000,64882
2000-Queens,Queens,2000,35278
2000-Rensselaer,Rensselaer,2000,38482
2000-Richmond,Richmond,2000,49283
2000-Rockland,Rockland,2000,64000
2000-Saratoga,Saratoga,2000,46907
2000-Schenectady,Schenectady,2000,41587
2000-Schoharie,Schoharie,2000,32275
2000-Schuyler,Schuyler,2000,30923
2000-Seneca,Seneca,2000,35285
2000-St Lawrence,St Lawrence,2000,31509
2000-Steuben,Steuben,2000,45011
2000-Suffolk,Suffolk,2000,59778
2000-Sullivan,Sullivan,2000,35026
2000-Tioga,Tioga,2000,36224
2000-Tompkins,Tompkins,2000,45252
2000-Ulster,Ulster,2000,40712
2000-Warren,Warren,2000,38247
2000-Washington,Washington,2000,31737
2000-Wayne,Wayne,2000,37507
2000-Westchester,Westchester,2000,108980
2000-Wyoming,Wyoming,2000,33392
2000-Yates,Yates,2000,31718
2001-Albany,Albany,2001,43983
2001-Allegany,Allegany,2001,30259
2001-Bronx,Bronx,2001,28122
2001-Broome,Broome,2001,35342
2001-Cattaraugus,Cattaraugus,2001,30178
2001-Cayuga,Cayuga,2001,33232
2001-Chautauqua,Chautauqua,2001,30735
2001-Chemung,Chemung,2001,36056
2001-Chenango,Chenango,2001,30955
2001-Clinton,Clinton,2001,34774
2001-Columbia,Columbia,2001,40793
2001-Cortland,Cortland,2001,33163
2001-Delaware,Delaware,2001,29905
2001-Dutchess,Dutchess,2001,51247
2001-Erie,Erie,2001,38810
2001-Essex,Essex,2001,32579
2001-Franklin,Franklin,2001,30265
2001-Fulton,Fulton,2001,32042
2001-Genesee,Genesee,2001,33469
2001-Greene,Greene,2001,34551
2001-Hamilton,Hamilton,2001,29064
2001-Herkimer,Herkimer,2001,29955
2001-Jefferson,Jefferson,2001,31015
2001-Kings,Kings,2001,34770
2001-Lewis,Lewis,2001,29386
2001-Livingston,Livingston,2001,35654
2001-Madison,Madison,2001,37850
2001-Monroe,Monroe,2001,43189
2001-Montgomery,Montgomery,2001,31461
2001-Nassau,Nassau,2001,74128
2001-New York,New York,2001,113769
2001-Niagara,Niagara,2001,34354
2001-Oneida,Oneida,2001,33746
2001-Onondaga,Onondaga,2001,41861
2001-Ontario,Ontario,2001,40753
2001-Orange,Orange,2001,48377
2001-Orleans,Orleans,2001,31534
2001-Oswego,Oswego,2001,33595
2001-Otsego,Otsego,2001,33075
2001-Putnam,Putnam,2001,64005
2001-Queens,Queens,2001,35303
2001-Rensselaer,Rensselaer,2001,38166
2001-Richmond,Richmond,2001,49856
2001-Rockland,Rockland,2001,61875
2001-Saratoga,Saratoga,2001,46650
2001-Schenectady,Schenectady,2001,40609
2001-Schoharie,Schoharie,2001,33097
2001-Schuyler,Schuyler,2001,31604
2001-Seneca,Seneca,2001,31204
2001-St Lawrence,St Lawrence,2001,31432
2001-Steuben,Steuben,2001,38042
2001-Suffolk,Suffolk,2001,58265
2001-Sullivan,Sullivan,2001,33984
2001-Tioga,Tioga,2001,36114
2001-Tompkins,Tompkins,2001,42976
2001-Ulster,Ulster,2001,39197
2001-Warren,Warren,2001,37840
2001-Washington,Washington,2001,31310
2001-Wayne,Wayne,2001,37416
2001-Westchester,Westchester,2001,102692
2001-Wyoming,Wyoming,2001,32283
2001-Yates,Yates,2001,31492
2002-Albany,Albany,2002,44317
2002-Allegany,Allegany,2002,30508
2002-Bronx,Bronx,2002,28393
2002-Broome,Broome,2002,35392
2002-Cattaraugus,Cattaraugus,2002,31269
2002-Cayuga,Cayuga,2002,33464
2002-Chautauqua,Chautauqua,2002,30470
2002-Chemung,Chemung,2002,34647
2002-Chenango,Chenango,2002,30942
2002-Clinton,Clinton,2002,34975
2002-Columbia,Columbia,2002,40367
2002-Cortland,Cortland,2002,33150
2002-Delaware,Delaware,2002,30066
2002-Dutchess,Dutchess,2002,50446
2002-Erie,Erie,2002,38890
2002-Essex,Essex,2002,32612
2002-Franklin,Franklin,2002,30529
2002-Fulton,Fulton,2002,32713
2002-Genesee,Genesee,2002,33156
2002-Greene,Greene,2002,35015
2002-Hamilton,Hamilton,2002,29680
2002-Herkimer,Herkimer,2002,30070
2002-Jefferson,Jefferson,2002,31168
2002-Kings,Kings,2002,34613
2002-Lewis,Lewis,2002,28825
2002-Livingston,Livingston,2002,35757
2002-Madison,Madison,2002,37532
2002-Monroe,Monroe,2002,42329
2002-Montgomery,Montgomery,2002,31547
2002-Nassau,Nassau,2002,72090
2002-New York,New York,2002,100720
2002-Niagara,Niagara,2002,34648
2002-Oneida,Oneida,2002,33556
2002-Onondaga,Onondaga,2002,41860
2002-Ontario,Ontario,2002,40077
2002-Orange,Orange,2002,48573
2002-Orleans,Orleans,2002,31355
2002-Oswego,Oswego,2002,34012
2002-Otsego,Otsego,2002,33137
2002-Putnam,Putnam,2002,62509
2002-Queens,Queens,2002,35278
2002-Rensselaer,Rensselaer,2002,38653
2002-Richmond,Richmond,2002,49488
2002-Rockland,Rockland,2002,61182
2002-Saratoga,Saratoga,2002,47803
2002-Schenectady,Schenectady,2002,40608
2002-Schoharie,Schoharie,2002,32922
2002-Schuyler,Schuyler,2002,31307
2002-Seneca,Seneca,2002,31006
2002-St Lawrence,St Lawrence,2002,31765
2002-Steuben,Steuben,2002,33854
2002-Suffolk,Suffolk,2002,57180
2002-Sullivan,Sullivan,2002,35238
2002-Tioga,Tioga,2002,35728
2002-Tompkins,Tompkins,2002,42286
2002-Ulster,Ulster,2002,39095
2002-Warren,Warren,2002,38886
2002-Washington,Washington,2002,32003
2002-Wayne,Wayne,2002,36951
2002-Westchester,Westchester,2002,94251
2002-Wyoming,Wyoming,2002,33317
2002-Yates,Yates,2002,30070
2003-Albany,Albany,2003,45982
2003-Allegany,Allegany,2003,30803
2003-Bronx,Bronx,2003,28515
2003-Broome,Broome,2003,36144
2003-Cattaraugus,Cattaraugus,2003,31306
2003-Cayuga,Cayuga,2003,34132
2003-Chautauqua,Chautauqua,2003,31118
2003-Chemung,Chemung,2003,34890
2003-Chenango,Chenango,2003,31548
2003-Clinton,Clinton,2003,35633
2003-Columbia,Columbia,2003,41937
2003-Cortland,Cortland,2003,34229
2003-Delaware,Delaware,2003,31407
2003-Dutchess,Dutchess,2003,51396
2003-Erie,Erie,2003,40070
2003-Essex,Essex,2003,33990
2003-Franklin,Franklin,2003,30743
2003-Fulton,Fulton,2003,33898
2003-Genesee,Genesee,2003,33682
2003-Greene,Greene,2003,35432
2003-Hamilton,Hamilton,2003,30438
2003-Herkimer,Herkimer,2003,31711
2003-Jefferson,Jefferson,2003,32239
2003-Kings,Kings,2003,35272
2003-Lewis,Lewis,2003,29968
2003-Livingston,Livingston,2003,36086
2003-Madison,Madison,2003,37442
2003-Monroe,Monroe,2003,44039
2003-Montgomery,Montgomery,2003,31535
2003-Nassau,Nassau,2003,73912
2003-New York,New York,2003,107365
2003-Niagara,Niagara,2003,35271
2003-Oneida,Oneida,2003,34118
2003-Onondaga,Onondaga,2003,42643
2003-Ontario,Ontario,2003,41830
2003-Orange,Orange,2003,49536
2003-Orleans,Orleans,2003,31653
2003-Oswego,Oswego,2003,34394
2003-Otsego,Otsego,2003,34499
2003-Putnam,Putnam,2003,64244
2003-Queens,Queens,2003,35410
2003-Rensselaer,Rensselaer,2003,39344
2003-Richmond,Richmond,2003,50240
2003-Rockland,Rockland,2003,62531
2003-Saratoga,Saratoga,2003,50106
2003-Schenectady,Schenectady,2003,41238
2003-Schoharie,Schoharie,2003,33526
2003-Schuyler,Schuyler,2003,31046
2003-Seneca,Seneca,2003,31940
2003-St Lawrence,St Lawrence,2003,32224
2003-Steuben,Steuben,2003,34403
2003-Suffolk,Suffolk,2003,58940
2003-Sullivan,Sullivan,2003,36717
2003-Tioga,Tioga,2003,36192
2003-Tompkins,Tompkins,2003,44168
2003-Ulster,Ulster,2003,40029
2003-Warren,Warren,2003,39732
2003-Washington,Washington,2003,32414
2003-Wayne,Wayne,2003,37089
2003-Westchester,Westchester,2003,97893
2003-Wyoming,Wyoming,2003,33178
2003-Yates,Yates,2003,30413
2004-Albany,Albany,2004,48813
2004-Allegany,Allegany,2004,31829
2004-Bronx,Bronx,2004,29402
2004-Broome,Broome,2004,36907
2004-Cattaraugus,Cattaraugus,2004,32517
2004-Cayuga,Cayuga,2004,35484
2004-Chautauqua,Chautauqua,2004,32099
2004-Chemung,Chemung,2004,37077
2004-Chenango,Chenango,2004,32992
2004-Clinton,Clinton,2004,36811
2004-Columbia,Columbia,2004,46104
2004-Cortland,Cortland,2004,36116
2004-Delaware,Delaware,2004,33338
2004-Dutchess,Dutchess,2004,55211
2004-Erie,Erie,2004,43302
2004-Essex,Essex,2004,36157
2004-Franklin,Franklin,2004,31733
2004-Fulton,Fulton,2004,33875
2004-Genesee,Genesee,2004,34728
2004-Greene,Greene,2004,37121
2004-Hamilton,Hamilton,2004,32266
2004-Herkimer,Herkimer,2004,31783
2004-Jefferson,Jefferson,2004,33665
2004-Kings,Kings,2004,37156
2004-Lewis,Lewis,2004,31277
2004-Livingston,Livingston,2004,37681
2004-Madison,Madison,2004,39654
2004-Monroe,Monroe,2004,45868
2004-Montgomery,Montgomery,2004,32763
2004-Nassau,Nassau,2004,80469
2004-New York,New York,2004,127130
2004-Niagara,Niagara,2004,36320
2004-Oneida,Oneida,2004,35441
2004-Onondaga,Onondaga,2004,44672
2004-Ontario,Ontario,2004,43873
2004-Orange,Orange,2004,53076
2004-Orleans,Orleans,2004,32972
2004-Oswego,Oswego,2004,35591
2004-Otsego,Otsego,2004,37214
2004-Putnam,Putnam,2004,68536
2004-Queens,Queens,2004,36718
2004-Rensselaer,Rensselaer,2004,41602
2004-Richmond,Richmond,2004,51549
2004-Rockland,Rockland,2004,66198
2004-Saratoga,Saratoga,2004,51023
2004-Schenectady,Schenectady,2004,43150
2004-Schoharie,Schoharie,2004,36039
2004-Schuyler,Schuyler,2004,33066
2004-Seneca,Seneca,2004,33543
2004-St Lawrence,St Lawrence,2004,33317
2004-Steuben,Steuben,2004,36832
2004-Suffolk,Suffolk,2004,62832
2004-Sullivan,Sullivan,2004,41589
2004-Tioga,Tioga,2004,37824
2004-Tompkins,Tompkins,2004,47989
2004-Ulster,Ulster,2004,43031
2004-Warren,Warren,2004,41281
2004-Washington,Washington,2004,34845
2004-Wayne,Wayne,2004,38306
2004-Westchester,Westchester,2004,112543
2004-Wyoming,Wyoming,2004,34440
2004-Yates,Yates,2004,32327
2005-Albany,Albany,2005,49298
2005-Allegany,Allegany,2005,32450
2005-Bronx,Bronx,2005,29909
2005-Broome,Broome,2005,38167
2005-Cattaraugus,Cattaraugus,2005,33325
2005-Cayuga,Cayuga,2005,36197
2005-Chautauqua,Chautauqua,2005,33146
2005-Chemung,Chemung,2005,38665
2005-Chenango,Chenango,2005,33572
2005-Clinton,Clinton,2005,38193
2005-Columbia,Columbia,2005,50400
2005-Cortland,Cortland,2005,36147
2005-Delaware,Delaware,2005,34121
2005-Dutchess,Dutchess,2005,57777
2005-Erie,Erie,2005,43385
2005-Essex,Essex,2005,37391
2005-Franklin,Franklin,2005,32270
2005-Fulton,Fulton,2005,34831
2005-Genesee,Genesee,2005,35534
2005-Greene,Greene,2005,39894
2005-Hamilton,Hamilton,2005,33997
2005-Herkimer,Herkimer,2005,33991
2005-Jefferson,Jefferson,2005,35863
2005-Kings,Kings,2005,39091
2005-Lewis,Lewis,2005,33187
2005-Livingston,Livingston,2005,38603
2005-Madison,Madison,2005,40942
2005-Monroe,Monroe,2005,47708
2005-Montgomery,Montgomery,2005,33512
2005-Nassau,Nassau,2005,87455
2005-New York,New York,2005,145387
2005-Niagara,Niagara,2005,37508
2005-Oneida,Oneida,2005,37460
2005-Onondaga,Onondaga,2005,45918
2005-Ontario,Ontario,2005,46100
2005-Orange,Orange,2005,54203
2005-Orleans,Orleans,2005,33717
2005-Oswego,Oswego,2005,36026
2005-Otsego,Otsego,2005,39385
2005-Putnam,Putnam,2005,71410
2005-Queens,Queens,2005,37870
2005-Rensselaer,Rensselaer,2005,42589
2005-Richmond,Richmond,2005,53172
2005-Rockland,Rockland,2005,69170
2005-Saratoga,Saratoga,2005,53810
2005-Schenectady,Schenectady,2005,43739
2005-Schoharie,Schoharie,2005,36793
2005-Schuyler,Schuyler,2005,32974
2005-Seneca,Seneca,2005,34235
2005-St Lawrence,St Lawrence,2005,34167
2005-Steuben,Steuben,2005,39598
2005-Suffolk,Suffolk,2005,66673
2005-Sullivan,Sullivan,2005,43126
2005-Tioga,Tioga,2005,38671
2005-Tompkins,Tompkins,2005,48057
2005-Ulster,Ulster,2005,45122
2005-Warren,Warren,2005,44279
2005-Washington,Washington,2005,35167
2005-Wayne,Wayne,2005,38600
2005-Westchester,Westchester,2005,123586
2005-Wyoming,Wyoming,2005,35416
2005-Yates,Yates,2005,33402
2006-Albany,Albany,2006,52910
2006-Allegany,Allegany,2006,33879
2006-Bronx,Bronx,2006,30779
2006-Broome,Broome,2006,40630
2006-Cattaraugus,Cattaraugus,2006,34700
2006-Cayuga,Cayuga,2006,38360
2006-Chautauqua,Chautauqua,2006,35102
2006-Chemung,Chemung,2006,41298
2006-Chenango,Chenango,2006,34637
2006-Clinton,Clinton,2006,39212
2006-Columbia,Columbia,2006,54254
2006-Cortland,Cortland,2006,38137
2006-Delaware,Delaware,2006,36542
2006-Dutchess,Dutchess,2006,60239
2006-Erie,Erie,2006,45795
2006-Essex,Essex,2006,40775
2006-Franklin,Franklin,2006,34587
2006-Fulton,Fulton,2006,36509
2006-Genesee,Genesee,2006,37326
2006-Greene,Greene,2006,41382
2006-Hamilton,Hamilton,2006,36892
2006-Herkimer,Herkimer,2006,34274
2006-Jefferson,Jefferson,2006,36157
2006-Kings,Kings,2006,41911
2006-Lewis,Lewis,2006,34307
2006-Livingston,Livingston,2006,39889
2006-Madison,Madison,2006,43692
2006-Monroe,Monroe,2006,49728
2006-Montgomery,Montgomery,2006,34707
2006-Nassau,Nassau,2006,94738
2006-New York,New York,2006,164929
2006-Niagara,Niagara,2006,39476
2006-Oneida,Oneida,2006,38590
2006-Onondaga,Onondaga,2006,48621
2006-Ontario,Ontario,2006,46849
2006-Orange,Orange,2006,56751
2006-Orleans,Orleans,2006,34745
2006-Oswego,Oswego,2006,37695
2006-Otsego,Otsego,2006,39910
2006-Putnam,Putnam,2006,74788
2006-Queens,Queens,2006,39732
2006-Rensselaer,Rensselaer,2006,44488
2006-Richmond,Richmond,2006,56275
2006-Rockland,Rockland,2006,75042
2006-Saratoga,Saratoga,2006,55263
2006-Schenectady,Schenectady,2006,46215
2006-Schoharie,Schoharie,2006,38392
2006-Schuyler,Schuyler,2006,35011
2006-Seneca,Seneca,2006,36375
2006-St Lawrence,St Lawrence,2006,36258
2006-Steuben,Steuben,2006,43615
2006-Suffolk,Suffolk,2006,72071
2006-Sullivan,Sullivan,2006,42455
2006-Tioga,Tioga,2006,40627
2006-Tompkins,Tompkins,2006,50529
2006-Ulster,Ulster,2006,48191
2006-Warren,Warren,2006,44594
2006-Washington,Washington,2006,36251
2006-Wayne,Wayne,2006,39716
2006-Westchester,Westchester,2006,134797
2006-Wyoming,Wyoming,2006,37130
2006-Yates,Yates,2006,35241
2007-Albany,Albany,2007,53819
2007-Allegany,Allegany,2007,35375
2007-Bronx,Bronx,2007,31098
2007-Broome,Broome,2007,41723
2007-Cattaraugus,Cattaraugus,2007,35842
2007-Cayuga,Cayuga,2007,39427
2007-Chautauqua,Chautauqua,2007,36366
2007-Chemung,Chemung,2007,41270
2007-Chenango,Chenango,2007,35367
2007-Clinton,Clinton,2007,40855
2007-Columbia,Columbia,2007,55908
2007-Cortland,Cortland,2007,39517
2007-Delaware,Delaware,2007,38194
2007-Dutchess,Dutchess,2007,63189
2007-Erie,Erie,2007,46891
2007-Essex,Essex,2007,43870
2007-Franklin,Franklin,2007,35426
2007-Fulton,Fulton,2007,37869
2007-Genesee,Genesee,2007,38123
2007-Greene,Greene,2007,42420
2007-Hamilton,Hamilton,2007,36976
2007-Herkimer,Herkimer,2007,35368
2007-Jefferson,Jefferson,2007,37520
2007-Kings,Kings,2007,43352
2007-Lewis,Lewis,2007,36620
2007-Livingston,Livingston,2007,42229
2007-Madison,Madison,2007,44708
2007-Monroe,Monroe,2007,51814
2007-Montgomery,Montgomery,2007,35524
2007-Nassau,Nassau,2007,101645
2007-New York,New York,2007,208021
2007-Niagara,Niagara,2007,39835
2007-Oneida,Oneida,2007,39756
2007-Onondaga,Onondaga,2007,50448
2007-Ontario,Ontario,2007,48994
2007-Orange,Orange,2007,57546
2007-Orleans,Orleans,2007,35256
2007-Oswego,Oswego,2007,38704
2007-Otsego,Otsego,2007,40407
2007-Putnam,Putnam,2007,84847
2007-Queens,Queens,2007,40485
2007-Rensselaer,Rensselaer,2007,45827
2007-Richmond,Richmond,2007,57304
2007-Rockland,Rockland,2007,76306
2007-Saratoga,Saratoga,2007,56926
2007-Schenectady,Schenectady,2007,47282
2007-Schoharie,Schoharie,2007,38758
2007-Schuyler,Schuyler,2007,36159
2007-Seneca,Seneca,2007,36626
2007-St Lawrence,St Lawrence,2007,36789
2007-Steuben,Steuben,2007,43262
2007-Suffolk,Suffolk,2007,75531
2007-Sullivan,Sullivan,2007,42834
2007-Tioga,Tioga,2007,41917
2007-Tompkins,Tompkins,2007,54088
2007-Ulster,Ulster,2007,49556
2007-Warren,Warren,2007,46233
2007-Washington,Washington,2007,39673
2007-Wayne,Wayne,2007,40679
2007-Westchester,Westchester,2007,155044
2007-Wyoming,Wyoming,2007,38826
2007-Yates,Yates,2007,36816
2008-Albany,Albany,2008,52037
2008-Allegany,Allegany,2008,36766
2008-Bronx,Bronx,2008,30631
2008-Broome,Broome,2008,42317
2008-Cattaraugus,Cattaraugus,2008,35840
2008-Cayuga,Cayuga,2008,39267
2008-Chautauqua,Chautauqua,2008,36037
2008-Chemung,Chemung,2008,41955
2008-Chenango,Chenango,2008,34989
2008-Clinton,Clinton,2008,39728
2008-Columbia,Columbia,2008,48720
2008-Cortland,Cortland,2008,38952
2008-Delaware,Delaware,2008,37270
2008-Dutchess,Dutchess,2008,61657
2008-Erie,Erie,2008,46294
2008-Essex,Essex,2008,38647
2008-Franklin,Franklin,2008,35190
2008-Fulton,Fulton,2008,36526
2008-Genesee,Genesee,2008,39979
2008-Greene,Greene,2008,41780
2008-Hamilton,Hamilton,2008,36808
2008-Herkimer,Herkimer,2008,35627
2008-Jefferson,Jefferson,2008,38497
2008-Kings,Kings,2008,43090
2008-Lewis,Lewis,2008,36917
2008-Livingston,Livingston,2008,41399
2008-Madison,Madison,2008,45915
2008-Monroe,Monroe,2008,49042
2008-Montgomery,Montgomery,2008,36326
2008-Nassau,Nassau,2008,89828
2008-New York,New York,2008,174149
2008-Niagara,Niagara,2008,39957
2008-Oneida,Oneida,2008,39997
2008-Onondaga,Onondaga,2008,49820
2008-Ontario,Ontario,2008,47422
2008-Orange,Orange,2008,57269
2008-Orleans,Orleans,2008,35832
2008-Oswego,Oswego,2008,39284
2008-Otsego,Otsego,2008,40380
2008-Putnam,Putnam,2008,80167
2008-Queens,Queens,2008,41213
2008-Rensselaer,Rensselaer,2008,46032
2008-Richmond,Richmond,2008,56582
2008-Rockland,Rockland,2008,73865
2008-Saratoga,Saratoga,2008,58612
2008-Schenectady,Schenectady,2008,46705
2008-Schoharie,Schoharie,2008,38159
2008-Schuyler,Schuyler,2008,36766
2008-Seneca,Seneca,2008,37633
2008-St Lawrence,St Lawrence,2008,37900
2008-Steuben,Steuben,2008,42358
2008-Suffolk,Suffolk,2008,74279
2008-Sullivan,Sullivan,2008,42221
2008-Tioga,Tioga,2008,42962
2008-Tompkins,Tompkins,2008,54825
2008-Ulster,Ulster,2008,47936
2008-Warren,Warren,2008,43009
2008-Washington,Washington,2008,36739
2008-Wayne,Wayne,2008,40688
2008-Westchester,Westchester,2008,125686
2008-Wyoming,Wyoming,2008,39070
2008-Yates,Yates,2008,35259
2009-Albany,Albany,2009,51347
2009-Allegany,Allegany,2009,35634
2009-Bronx,Bronx,2009,30904
2009-Broome,Broome,2009,40910
2009-Cattaraugus,Cattaraugus,2009,35108
2009-Cayuga,Cayuga,2009,38724
2009-Chautauqua,Chautauqua,2009,34692
2009-Chemung,Chemung,2009,40686
2009-Chenango,Chenango,2009,34043
2009-Clinton,Clinton,2009,40976
2009-Columbia,Columbia,2009,44630
2009-Cortland,Cortland,2009,39031
2009-Delaware,Delaware,2009,34423
2009-Dutchess,Dutchess,2009,58591
2009-Erie,Erie,2009,45631
2009-Essex,Essex,2009,37114
2009-Franklin,Franklin,2009,35152
2009-Fulton,Fulton,2009,35385
2009-Genesee,Genesee,2009,38471
2009-Greene,Greene,2009,40949
2009-Hamilton,Hamilton,2009,33525
2009-Herkimer,Herkimer,2009,35540
2009-Jefferson,Jefferson,2009,38362
2009-Kings,Kings,2009,41324
2009-Lewis,Lewis,2009,35884
2009-Livingston,Livingston,2009,41133
2009-Madison,Madison,2009,44309
2009-Monroe,Monroe,2009,46932
2009-Montgomery,Montgomery,2009,36241
2009-Nassau,Nassau,2009,81865
2009-New York,New York,2009,141218
2009-Niagara,Niagara,2009,39336
2009-Oneida,Oneida,2009,38985
2009-Onondaga,Onondaga,2009,48266
2009-Ontario,Ontario,2009,47584
2009-Orange,Orange,2009,56077
2009-Orleans,Orleans,2009,34714
2009-Oswego,Oswego,2009,38570
2009-Otsego,Otsego,2009,38252
2009-Putnam,Putnam,2009,71539
2009-Queens,Queens,2009,39219
2009-Rensselaer,Rensselaer,2009,45952
2009-Richmond,Richmond,2009,54890
2009-Rockland,Rockland,2009,67659
2009-Saratoga,Saratoga,2009,56996
2009-Schenectady,Schenectady,2009,46132
2009-Schoharie,Schoharie,2009,37596
2009-Schuyler,Schuyler,2009,36078
2009-Seneca,Seneca,2009,36627
2009-St Lawrence,St Lawrence,2009,37429
2009-Steuben,Steuben,2009,39407
2009-Suffolk,Suffolk,2009,67405
2009-Sullivan,Sullivan,2009,41130
2009-Tioga,Tioga,2009,42334
2009-Tompkins,Tompkins,2009,50973
2009-Ulster,Ulster,2009,46326
2009-Warren,Warren,2009,42298
2009-Washington,Washington,2009,35826
2009-Wayne,Wayne,2009,39900
2009-Westchester,Westchester,2009,108405
2009-Wyoming,Wyoming,2009,37135
2009-Yates,Yates,2009,34071
2010-Albany,Albany,2010,53046
2010-Allegany,Allegany,2010,36333
2010-Bronx,Bronx,2010,30569
2010-Broome,Broome,2010,41612
2010-Cattaraugus,Cattaraugus,2010,35745
2010-Cayuga,Cayuga,2010,39872
2010-Chautauqua,Chautauqua,2010,35204
2010-Chemung,Chemung,2010,42226
2010-Chenango,Chenango,2010,35330
2010-Clinton,Clinton,2010,41606
2010-Columbia,Columbia,2010,45933
2010-Cortland,Cortland,2010,39597
2010-Delaware,Delaware,2010,34875
2010-Dutchess,Dutchess,2010,60456
2010-Erie,Erie,2010,47214
2010-Essex,Essex,2010,38072
2010-Franklin,Franklin,2010,37458
2010-Fulton,Fulton,2010,36253
2010-Genesee,Genesee,2010,39550
2010-Greene,Greene,2010,40551
2010-Hamilton,Hamilton,2010,34200
2010-Herkimer,Herkimer,2010,35866
2010-Jefferson,Jefferson,2010,39956
2010-Kings,Kings,2010,42685
2010-Lewis,Lewis,2010,36471
2010-Livingston,Livingston,2010,41740
2010-Madison,Madison,2010,45453
2010-Monroe,Monroe,2010,48476
2010-Montgomery,Montgomery,2010,36967
2010-Nassau,Nassau,2010,86178
2010-New York,New York,2010,158910
2010-Niagara,Niagara,2010,39444
2010-Oneida,Oneida,2010,40008
2010-Onondaga,Onondaga,2010,49058
2010-Ontario,Ontario,2010,50161
2010-Orange,Orange,2010,56339
2010-Orleans,Orleans,2010,35487
2010-Oswego,Oswego,2010,39714
2010-Otsego,Otsego,2010,38810
2010-Putnam,Putnam,2010,73634
2010-Queens,Queens,2010,39675
2010-Rensselaer,Rensselaer,2010,46946
2010-Richmond,Richmond,2010,55264
2010-Rockland,Rockland,2010,68851
2010-Saratoga,Saratoga,2010,58752
2010-Schenectady,Schenectady,2010,47213
2010-Schoharie,Schoharie,2010,37623
2010-Schuyler,Schuyler,2010,36672
2010-Seneca,Seneca,2010,38050
2010-St Lawrence,St Lawrence,2010,37671
2010-Steuben,Steuben,2010,42326
2010-Suffolk,Suffolk,2010,69331
2010-Sullivan,Sullivan,2010,41794
2010-Tioga,Tioga,2010,43258
2010-Tompkins,Tompkins,2010,51761
2010-Ulster,Ulster,2010,47546
2010-Warren,Warren,2010,43346
2010-Washington,Washington,2010,36698
2010-Wayne,Wayne,2010,40882
2010-Westchester,Westchester,2010,118990
2010-Wyoming,Wyoming,2010,38478
2010-Yates,Yates,2010,36228
2011-Albany,Albany,2011,54574
2011-Allegany,Allegany,2011,36479
2011-Bronx,Bronx,2011,29942
2011-Broome,Broome,2011,41132
2011-Cattaraugus,Cattaraugus,2011,35669
2011-Cayuga,Cayuga,2011,40591
2011-Chautauqua,Chautauqua,2011,35757
2011-Chemung,Chemung,2011,43218
2011-Chenango,Chenango,2011,35401
2011-Clinton,Clinton,2011,40272
2011-Columbia,Columbia,2011,46936
2011-Cortland,Cortland,2011,39263
2011-Delaware,Delaware,2011,35699
2011-Dutchess,Dutchess,2011,60326
2011-Erie,Erie,2011,48310
2011-Essex,Essex,2011,38495
2011-Franklin,Franklin,2011,35251
2011-Fulton,Fulton,2011,36438
2011-Genesee,Genesee,2011,45014
2011-Greene,Greene,2011,45519
2011-Hamilton,Hamilton,2011,35881
2011-Herkimer,Herkimer,2011,35824
2011-Jefferson,Jefferson,2011,38279
2011-Kings,Kings,2011,44640
2011-Lewis,Lewis,2011,37548
2011-Livingston,Livingston,2011,42379
2011-Madison,Madison,2011,45528
2011-Monroe,Monroe,2011,49661
2011-Montgomery,Montgomery,2011,37227
2011-Nassau,Nassau,2011,87297
2011-New York,New York,2011,159697
2011-Niagara,Niagara,2011,41317
2011-Oneida,Oneida,2011,40250
2011-Onondaga,Onondaga,2011,49977
2011-Ontario,Ontario,2011,51107
2011-Orange,Orange,2011,57564
2011-Orleans,Orleans,2011,36477
2011-Oswego,Oswego,2011,40161
2011-Otsego,Otsego,2011,39599
2011-Putnam,Putnam,2011,74342
2011-Queens,Queens,2011,40108
2011-Rensselaer,Rensselaer,2011,46033
2011-Richmond,Richmond,2011,55928
2011-Rockland,Rockland,2011,67901
2011-Saratoga,Saratoga,2011,62999
2011-Schenectady,Schenectady,2011,47025
2011-Schoharie,Schoharie,2011,38874
2011-Schuyler,Schuyler,2011,37637
2011-Seneca,Seneca,2011,38312
2011-St Lawrence,St Lawrence,2011,38353
2011-Steuben,Steuben,2011,42062
2011-Suffolk,Suffolk,2011,71267
2011-Sullivan,Sullivan,2011,41829
2011-Tioga,Tioga,2011,43433
2011-Tompkins,Tompkins,2011,52625
2011-Ulster,Ulster,2011,48145
2011-Warren,Warren,2011,44825
2011-Washington,Washington,2011,36751
2011-Wayne,Wayne,2011,41482
2011-Westchester,Westchester,2011,121309
2011-Wyoming,Wyoming,2011,39228
2011-Yates,Yates,2011,39115
2012-Albany,Albany,2012,56959
2012-Allegany,Allegany,2012,38145
2012-Bronx,Bronx,2012,30989
2012-Broome,Broome,2012,43668
2012-Cattaraugus,Cattaraugus,2012,37313
2012-Cayuga,Cayuga,2012,42576
2012-Chautauqua,Chautauqua,2012,37080
2012-Chemung,Chemung,2012,44439
2012-Chenango,Chenango,2012,36268
2012-Clinton,Clinton,2012,41780
2012-Columbia,Columbia,2012,53609
2012-Cortland,Cortland,2012,40702
2012-Delaware,Delaware,2012,36329
2012-Dutchess,Dutchess,2012,62554
2012-Erie,Erie,2012,50420
2012-Essex,Essex,2012,40776
2012-Franklin,Franklin,2012,36688
2012-Fulton,Fulton,2012,37795
2012-Genesee,Genesee,2012,40942
2012-Greene,Greene,2012,45619
2012-Hamilton,Hamilton,2012,34774
2012-Herkimer,Herkimer,2012,38947
2012-Jefferson,Jefferson,2012,41045
2012-Kings,Kings,2012,45687
2012-Lewis,Lewis,2012,38177
2012-Livingston,Livingston,2012,43829
2012-Madison,Madison,2012,46169
2012-Monroe,Monroe,2012,52128
2012-Montgomery,Montgomery,2012,36366
2012-Nassau,Nassau,2012,94591
2012-New York,New York,2012,182733
2012-Niagara,Niagara,2012,42919
2012-Oneida,Oneida,2012,41390
2012-Onondaga,Onondaga,2012,52655
2012-Ontario,Ontario,2012,53528
2012-Orange,Orange,2012,58250
2012-Orleans,Orleans,2012,36816
2012-Oswego,Oswego,2012,40712
2012-Otsego,Otsego,2012,41494
2012-Putnam,Putnam,2012,91134
2012-Queens,Queens,2012,41215
2012-Rensselaer,Rensselaer,2012,47360
2012-Richmond,Richmond,2012,56784
2012-Rockland,Rockland,2012,71303
2012-Saratoga,Saratoga,2012,61330
2012-Schenectady,Schenectady,2012,48607
2012-Schoharie,Schoharie,2012,38561
2012-Schuyler,Schuyler,2012,40058
2012-Seneca,Seneca,2012,40482
2012-St Lawrence,St Lawrence,2012,39563
2012-Steuben,Steuben,2012,43122
2012-Suffolk,Suffolk,2012,74303
2012-Sullivan,Sullivan,2012,42514
2012-Tioga,Tioga,2012,44303
2012-Tompkins,Tompkins,2012,55390
2012-Ulster,Ulster,2012,49482
2012-Warren,Warren,2012,46239
2012-Washington,Washington,2012,38805
2012-Wayne,Wayne,2012,42261
2012-Westchester,Westchester,2012,139961
2012-Wyoming,Wyoming,2012,40436
2012-Yates,Yates,2012,36517
2013-Albany,Albany,2013,55772
2013-Allegany,Allegany,2013,38567
2013-Bronx,Bronx,2013,30536
2013-Broome,Broome,2013,43296
2013-Cattaraugus,Cattaraugus,2013,37922
2013-Cayuga,Cayuga,2013,43455
2013-Chautauqua,Chautauqua,2013,37647
2013-Chemung,Chemung,2013,44150
2013-Chenango,Chenango,2013,36678
2013-Clinton,Clinton,2013,41957
2013-Columbia,Columbia,2013,53247
2013-Cortland,Cortland,2013,40894
2013-Delaware,Delaware,2013,37684
2013-Dutchess,Dutchess,2013,62000
2013-Erie,Erie,2013,50179
2013-Essex,Essex,2013,42106
2013-Franklin,Franklin,2013,37419
2013-Fulton,Fulton,2013,38325
2013-Genesee,Genesee,2013,41516
2013-Greene,Greene,2013,45387
2013-Hamilton,Hamilton,2013,34150
2013-Herkimer,Herkimer,2013,39452
2013-Jefferson,Jefferson,2013,39865
2013-Kings,Kings,2013,47168
2013-Lewis,Lewis,2013,38157
2013-Livingston,Livingston,2013,43334
2013-Madison,Madison,2013,48006
2013-Monroe,Monroe,2013,52053
2013-Montgomery,Montgomery,2013,39566
2013-Nassau,Nassau,2013,93494
2013-New York,New York,2013,177388
2013-Niagara,Niagara,2013,42287
2013-Oneida,Oneida,2013,41601
2013-Onondaga,Onondaga,2013,51815
2013-Ontario,Ontario,2013,53444
2013-Orange,Orange,2013,59279
2013-Orleans,Orleans,2013,37379
2013-Oswego,Oswego,2013,40640
2013-Otsego,Otsego,2013,42392
2013-Putnam,Putnam,2013,76788
2013-Queens,Queens,2013,41792
2013-Rensselaer,Rensselaer,2013,48188
2013-Richmond,Richmond,2013,56881
2013-Rockland,Rockland,2013,71667
2013-Saratoga,Saratoga,2013,62571
2013-Schenectady,Schenectady,2013,49269
2013-Schoharie,Schoharie,2013,40258
2013-Schuyler,Schuyler,2013,40281
2013-Seneca,Seneca,2013,39762
2013-St Lawrence,St Lawrence,2013,39837
2013-Steuben,Steuben,2013,43752
2013-Suffolk,Suffolk,2013,72061
2013-Sullivan,Sullivan,2013,44822
2013-Tioga,Tioga,2013,43951
2013-Tompkins,Tompkins,2013,55509
2013-Ulster,Ulster,2013,49269
2013-Warren,Warren,2013,46172
2013-Washington,Washington,2013,39196
2013-Wayne,Wayne,2013,42651
2013-Westchester,Westchester,2013,133746
2013-Wyoming,Wyoming,2013,41143
2013-Yates,Yates,2013,37282
2014-Albany,Albany,2014,58097
2014-Allegany,Allegany,2014,41522
2014-Bronx,Bronx,2014,31437
2014-Broome,Broome,2014,45154
2014-Cattaraugus,Cattaraugus,2014,38986
2014-Cayuga,Cayuga,2014,44785
2014-Chautauqua,Chautauqua,2014,39557
2014-Chemung,Chemung,2014,45587
2014-Chenango,Chenango,2014,37973
2014-Clinton,Clinton,2014,42281
2014-Columbia,Columbia,2014,57575
2014-Cortland,Cortland,2014,41824
2014-Delaware,Delaware,2014,38072
2014-Dutchess,Dutchess,2014,64325
2014-Erie,Erie,2014,51690
2014-Essex,Essex,2014,42317
2014-Franklin,Franklin,2014,38518
2014-Fulton,Fulton,2014,39633
2014-Genesee,Genesee,2014,42464
2014-Greene,Greene,2014,45654
2014-Hamilton,Hamilton,2014,36986
2014-Herkimer,Herkimer,2014,39665
2014-Jefferson,Jefferson,2014,40740
2014-Kings,Kings,2014,49969
2014-Lewis,Lewis,2014,40295
2014-Livingston,Livingston,2014,45212
2014-Madison,Madison,2014,48696
2014-Monroe,Monroe,2014,53674
2014-Montgomery,Montgomery,2014,38713
2014-Nassau,Nassau,2014,98834
2014-New York,New York,2014,200301
2014-Niagara,Niagara,2014,43065
2014-Oneida,Oneida,2014,42796
2014-Onondaga,Onondaga,2014,54154
2014-Ontario,Ontario,2014,55294
2014-Orange,Orange,2014,60038
2014-Orleans,Orleans,2014,37695
2014-Oswego,Oswego,2014,42297
2014-Otsego,Otsego,2014,43669
2014-Putnam,Putnam,2014,81517
2014-Queens,Queens,2014,43787
2014-Rensselaer,Rensselaer,2014,50244
2014-Richmond,Richmond,2014,58894
2014-Rockland,Rockland,2014,76486
2014-Saratoga,Saratoga,2014,64210
2014-Schenectady,Schenectady,2014,50594
2014-Schoharie,Schoharie,2014,41438
2014-Schuyler,Schuyler,2014,40751
2014-Seneca,Seneca,2014,40401
2014-St Lawrence,St Lawrence,2014,40368
2014-Steuben,Steuben,2014,45792
2014-Suffolk,Suffolk,2014,76443
2014-Sullivan,Sullivan,2014,43570
2014-Tioga,Tioga,2014,44955
2014-Tompkins,Tompkins,2014,58247
2014-Ulster,Ulster,2014,51479
2014-Warren,Warren,2014,47995
2014-Washington,Washington,2014,40444
2014-Wayne,Wayne,2014,43516
2014-Westchester,Westchester,2014,145535
2014-Wyoming,Wyoming,2014,42540
2014-Yates,Yates,2014,39568
