Index,year,county,population,firearm_count
2017-Albany,2017,Albany,310352,145
2017-Allegany,2017,Allegany,46878,6
2017-Bronx,2017,Bronx,1470074,1270
2017-Broome,2017,Broome,194923,72
2017-Cattaraugus,2017,Cattaraugus,75611,19
2017-Cayuga,2017,Cayuga,77712,21
2017-Chautauqua,2017,Chautauqua,128942,43
2017-Chemung,2017,Chemung,86084,24
2017-Chenango,2017,Chenango,48397,3
2017-Clinton,2017,Clinton,81093,4
2017-Columbia,2017,Columbia,60796,19
2017-Cortland,2017,Cortland,47986,1
2017-Delaware,2017,Delaware,44468,4
2017-Dutchess,2017,Dutchess,294598,73
2017-Erie,2017,Erie,923447,930
2017-Essex,2017,Essex,36491,6
2017-Franklin,2017,Franklin,50324,10
2017-Fulton,2017,Fulton,53556,9
2017-Genesee,2017,Genesee,58252,8
2017-Greene,2017,Greene,47352,5
2017-Hamilton,2017,Hamilton,4505,0
2017-Herkimer,2017,Herkimer,62458,8
2017-Jefferson,2017,Jefferson,113858,22
2017-Kings,2017,Kings,2646816,1753
2017-Lewis,2017,Lewis,26893,3
2017-Livingston,2017,Livingston,64242,3
2017-Madison,2017,Madison,71146,8
2017-Monroe,2017,Monroe,749892,731
2017-Montgomery,2017,Montgomery,49222,5
2017-Nassau,2017,Nassau,1367901,206
2017-New York,2017,New York,1663498,639
2017-Niagara,2017,Niagara,211460,166
2017-Oneida,2017,Oneida,231112,94
2017-Onondaga,2017,Onondaga,467033,228
2017-Ontario,2017,Ontario,110349,7
2017-Orange,2017,Orange,381037,120
2017-Orleans,2017,Orleans,41194,15
2017-Oswego,2017,Oswego,118741,15
2017-Otsego,2017,Otsego,59891,6
2017-Putnam,2017,Putnam,98971,2
2017-Queens,2017,Queens,2356841,932
2017-Rensselaer,2017,Rensselaer,160555,90
2017-Richmond,2017,Richmond,479104,153
2017-Rockland,2017,Rockland,329966,27
2017-Saratoga,2017,Saratoga,228753,27
2017-Schenectady,2017,Schenectady,154847,100
2017-Schoharie,2017,Schoharie,31166,1
2017-Schuyler,2017,Schuyler,18106,1
2017-Seneca,2017,Seneca,34779,1
2017-Steuben,2017,Steuben,96823,12
2017-St Lawrence,2017,St Lawrence,109995,12
2017-Suffolk,2017,Suffolk,1495619,364
2017-Sullivan,2017,Sullivan,74545,10
2017-Tioga,2017,Tioga,48507,3
2017-Tompkins,2017,Tompkins,105637,16
2017-Ulster,2017,Ulster,179106,30
2017-Warren,2017,Warren,64530,4
2017-Washington,2017,Washington,61690,1
2017-Wayne,2017,Wayne,90519,8
2017-Westchester,2017,Westchester,980819,291
2017-Wyoming,2017,Wyoming,40666,5
2017-Yates,2017,Yates,24910,2
2016-Albany,2016,Albany,308401,126
2016-Allegany,2016,Allegany,46858,5
2016-Bronx,2016,Bronx,1458255,0
2016-Broome,2016,Broome,194518,57
2016-Cattaraugus,2016,Cattaraugus,75126,12
2016-Cayuga,2016,Cayuga,77462,14
2016-Chautauqua,2016,Chautauqua,129139,57
2016-Chemung,2016,Chemung,86124,23
2016-Chenango,2016,Chenango,48229,4
2016-Clinton,2016,Clinton,80553,7
2016-Columbia,2016,Columbia,60806,12
2016-Cortland,2016,Cortland,48022,2
2016-Delaware,2016,Delaware,44601,4
2016-Dutchess,2016,Dutchess,293404,70
2016-Erie,2016,Erie,917172,1154
2016-Essex,2016,Essex,36615,4
2016-Franklin,2016,Franklin,50135,7
2016-Fulton,2016,Fulton,53221,10
2016-Genesee,2016,Genesee,58209,9
2016-Greene,2016,Greene,47019,5
2016-Hamilton,2016,Hamilton,4657,0
2016-Herkimer,2016,Herkimer,62419,5
2016-Jefferson,2016,Jefferson,117080,24
2016-Kings,2016,Kings,2641827,0
2016-Lewis,2016,Lewis,26758,3
2016-Livingston,2016,Livingston,64186,8
2016-Madison,2016,Madison,71064,5
2016-Monroe,2016,Monroe,745585,786
2016-Montgomery,2016,Montgomery,49187,8
2016-Nassau,2016,Nassau,1356246,314
2016-New York,2016,New York,1647694,0
2016-Niagara,2016,Niagara,210491,162
2016-Oneida,2016,Oneida,230500,111
2016-Onondaga,2016,Onondaga,465564,303
2016-Ontario,2016,Ontario,109105,12
2016-Orange,2016,Orange,375993,179
2016-Orleans,2016,Orleans,41061,9
2016-Oswego,2016,Oswego,118961,15
2016-Otsego,2016,Otsego,59929,7
2016-Putnam,2016,Putnam,98238,2
2016-Queens,2016,Queens,2343667,0
2016-Rensselaer,2016,Rensselaer,159384,87
2016-Richmond,2016,Richmond,475474,0
2016-Rockland,2016,Rockland,326643,30
2016-Saratoga,2016,Saratoga,225997,13
2016-Schenectady,2016,Schenectady,153524,104
2016-Schoharie,2016,Schoharie,30860,2
2016-Schuyler,2016,Schuyler,18042,3
2016-Seneca,2016,Seneca,34522,5
2016-Steuben,2016,Steuben,96718,8
2016-St Lawrence,2016,St Lawrence,110113,14
2016-Suffolk,2016,Suffolk,1492991,426
2016-Sullivan,2016,Sullivan,73885,22
2016-Tioga,2016,Tioga,48810,6
2016-Tompkins,2016,Tompkins,104871,15
2016-Ulster,2016,Ulster,178502,22
2016-Warren,2016,Warren,64064,2
2016-Washington,2016,Washington,61610,3
2016-Wayne,2016,Wayne,90389,8
2016-Westchester,2016,Westchester,975138,329
2016-Wyoming,2016,Wyoming,40531,1
2016-Yates,2016,Yates,24823,2
2015-Albany,2015,Albany,308613,114
2015-Allegany,2015,Allegany,47336,1
2015-Bronx,2015,Bronx,1448285,0
2015-Broome,2015,Broome,196201,71
2015-Cattaraugus,2015,Cattaraugus,76211,6
2015-Cayuga,2015,Cayuga,78420,8
2015-Chautauqua,2015,Chautauqua,131108,40
2015-Chemung,2015,Chemung,87307,21
2015-Chenango,2015,Chenango,49105,6
2015-Clinton,2015,Clinton,81364,6
2015-Columbia,2015,Columbia,61779,4
2015-Cortland,2015,Cortland,48870,3
2015-Delaware,2015,Delaware,45371,8
2015-Dutchess,2015,Dutchess,295721,69
2015-Erie,2015,Erie,922022,1022
2015-Essex,2015,Essex,36992,3
2015-Franklin,2015,Franklin,51082,3
2015-Fulton,2015,Fulton,53542,10
2015-Genesee,2015,Genesee,58705,4
2015-Greene,2015,Greene,47590,3
2015-Hamilton,2015,Hamilton,4678,0
2015-Herkimer,2015,Herkimer,63446,4
2015-Jefferson,2015,Jefferson,119514,17
2015-Kings,2015,Kings,2640252,0
2015-Lewis,2015,Lewis,27205,4
2015-Livingston,2015,Livingston,64291,6
2015-Madison,2015,Madison,71972,6
2015-Monroe,2015,Monroe,749690,727
2015-Montgomery,2015,Montgomery,49555,9
2015-Nassau,2015,Nassau,1360265,368
2015-New York,2015,New York,1647788,0
2015-Niagara,2015,Niagara,212368,145
2015-Oneida,2015,Oneida,231920,110
2015-Onondaga,2015,Onondaga,467471,277
2015-Ontario,2015,Ontario,109863,9
2015-Orange,2015,Orange,376037,165
2015-Orleans,2015,Orleans,41689,10
2015-Oswego,2015,Oswego,120368,9
2015-Otsego,2015,Otsego,60737,4
2015-Putnam,2015,Putnam,99220,0
2015-Queens,2015,Queens,2337925,0
2015-Rensselaer,2015,Rensselaer,159567,104
2015-Richmond,2015,Richmond,476611,0
2015-Rockland,2015,Rockland,326136,34
2015-Saratoga,2015,Saratoga,225720,9
2015-Schenectady,2015,Schenectady,155634,126
2015-Schoharie,2015,Schoharie,31235,5
2015-Schuyler,2015,Schuyler,18488,0
2015-Seneca,2015,Seneca,34726,4
2015-Steuben,2015,Steuben,98066,13
2015-St Lawrence,2015,St Lawrence,111077,7
2015-Suffolk,2015,Suffolk,1502075,474
2015-Sullivan,2015,Sullivan,75425,15
2015-Tioga,2015,Tioga,49485,4
2015-Tompkins,2015,Tompkins,105240,11
2015-Ulster,2015,Ulster,179613,23
2015-Warren,2015,Warren,64672,6
2015-Washington,2015,Washington,62016,3
2015-Wayne,2015,Wayne,91455,15
2015-Westchester,2015,Westchester,976316,306
2015-Wyoming,2015,Wyoming,40883,5
2015-Yates,2015,Yates,25121,1
2014-Albany,2014,Albany,308166,147
2014-Allegany,2014,Allegany,47972,12
2014-Bronx,2014,Bronx,1440569.46,0
2014-Broome,2014,Broome,197126,72
2014-Cattaraugus,2014,Cattaraugus,76828,14
2014-Cayuga,2014,Cayuga,79512,14
2014-Chautauqua,2014,Chautauqua,132852,49
2014-Chemung,2014,Chemung,88535,29
2014-Chenango,2014,Chenango,49375,8
2014-Clinton,2014,Clinton,81604,5
2014-Columbia,2014,Columbia,62148,4
2014-Cortland,2014,Cortland,48983,4
2014-Delaware,2014,Delaware,45709,11
2014-Dutchess,2014,Dutchess,297173,106
2014-Erie,2014,Erie,921558,1103
2014-Essex,2014,Essex,37221,8
2014-Franklin,2014,Franklin,51796,6
2014-Fulton,2014,Fulton,54329,8
2014-Genesee,2014,Genesee,59274,6
2014-Greene,2014,Greene,48364,10
2014-Hamilton,2014,Hamilton,4766,0
2014-Herkimer,2014,Herkimer,64218,7
2014-Jefferson,2014,Jefferson,120437,13
2014-Kings,2014,Kings,2609972.904,0
2014-Lewis,2014,Lewis,27211,7
2014-Livingston,2014,Livingston,64636,4
2014-Madison,2014,Madison,72243,2
2014-Monroe,2014,Monroe,752007,711
2014-Montgomery,2014,Montgomery,49874,2
2014-Nassau,2014,Nassau,1357041,437
2014-New York,2014,New York,1635470.034,0
2014-Niagara,2014,Niagara,214023,183
2014-Oneida,2014,Oneida,233634,155
2014-Onondaga,2014,Onondaga,469355,309
2014-Ontario,2014,Ontario,109535,5
2014-Orange,2014,Orange,376716,170
2014-Orleans,2014,Orleans,42149,4
2014-Oswego,2014,Oswego,121109,7
2014-Otsego,2014,Otsego,61644,7
2014-Putnam,2014,Putnam,99778,3
2014-Queens,2014,Queens,2313385.074,0
2014-Rensselaer,2014,Rensselaer,160303,95
2014-Richmond,2014,Richmond,474540.528,0
2014-Rockland,2014,Rockland,323543,30
2014-Saratoga,2014,Saratoga,225201,12
2014-Schenectady,2014,Schenectady,155678,103
2014-Schoharie,2014,Schoharie,31691,0
2014-Schuyler,2014,Schuyler,18529,1
2014-Seneca,2014,Seneca,35503,2
2014-Steuben,2014,Steuben,98730,5
2014-St Lawrence,2014,St Lawrence,112184,2
2014-Suffolk,2014,Suffolk,1503376,360
2014-Sullivan,2014,Sullivan,76591,23
2014-Tioga,2014,Tioga,50124,2
2014-Tompkins,2014,Tompkins,104271,11
2014-Ulster,2014,Ulster,180937,30
2014-Warren,2014,Warren,65353,1
2014-Washington,2014,Washington,63134,6
2014-Wayne,2014,Wayne,92302,11
2014-Westchester,2014,Westchester,974944,270
2014-Wyoming,2014,Wyoming,41454,3
2014-Yates,2014,Yates,25146,3
2013-Albany,2013,Albany,306300,150
2013-Allegany,2013,Allegany,48220,2
2013-Bronx,2013,Bronx,1427341.42,0
2013-Broome,2013,Broome,197527,53
2013-Cattaraugus,2013,Cattaraugus,77430,20
2013-Cayuga,2013,Cayuga,79520,12
2013-Chautauqua,2013,Chautauqua,133288,40
2013-Chemung,2013,Chemung,89040,18
2013-Chenango,2013,Chenango,49857,4
2013-Clinton,2013,Clinton,81595,4
2013-Columbia,2013,Columbia,62398,9
2013-Cortland,2013,Cortland,49599,4
2013-Delaware,2013,Delaware,46322,13
2013-Dutchess,2013,Dutchess,297521,112
2013-Erie,2013,Erie,920162,1092
2013-Essex,2013,Essex,37412,5
2013-Franklin,2013,Franklin,51936,7
2013-Fulton,2013,Fulton,54677,14
2013-Genesee,2013,Genesee,59887,18
2013-Greene,2013,Greene,48582,11
2013-Hamilton,2013,Hamilton,4768,2
2013-Herkimer,2013,Herkimer,64596,13
2013-Jefferson,2013,Jefferson,121663,15
2013-Kings,2013,Kings,2586006.808,0
2013-Lewis,2013,Lewis,27307,10
2013-Livingston,2013,Livingston,64718,8
2013-Madison,2013,Madison,72132,4
2013-Monroe,2013,Monroe,749775,842
2013-Montgomery,2013,Montgomery,49898,1
2013-Nassau,2013,Nassau,1353478,467
2013-New York,2013,New York,1620452.318,0
2013-Niagara,2013,Niagara,214912,150
2013-Oneida,2013,Oneida,233394,96
2013-Onondaga,2013,Onondaga,467218,297
2013-Ontario,2013,Ontario,108796,11
2013-Orange,2013,Orange,375281,165
2013-Orleans,2013,Orleans,42878,4
2013-Oswego,2013,Oswego,121698,8
2013-Otsego,2013,Otsego,61617,7
2013-Putnam,2013,Putnam,99665,3
2013-Queens,2013,Queens,2292142.398,0
2013-Rensselaer,2013,Rensselaer,160153,90
2013-Richmond,2013,Richmond,470183.056,0
2013-Rockland,2013,Rockland,319900,31
2013-Saratoga,2013,Saratoga,223105,22
2013-Schenectady,2013,Schenectady,155367,116
2013-Schoharie,2013,Schoharie,31944,3
2013-Schuyler,2013,Schuyler,18604,6
2013-Seneca,2013,Seneca,35375,5
2013-Steuben,2013,Steuben,99222,8
2013-St Lawrence,2013,St Lawrence,112480,12
2013-Suffolk,2013,Suffolk,1502540,410
2013-Sullivan,2013,Sullivan,76673,23
2013-Tioga,2013,Tioga,50342,0
2013-Tompkins,2013,Tompkins,102977,16
2013-Ulster,2013,Ulster,181804,19
2013-Warren,2013,Warren,65566,1
2013-Washington,2013,Washington,62893,10
2013-Wayne,2013,Wayne,92809,20
2013-Westchester,2013,Westchester,966498,284
2013-Wyoming,2013,Wyoming,41875,6
2013-Yates,2013,Yates,25375,0
2012-Albany,2012,Albany,305204,137
2012-Allegany,2012,Allegany,49041,4
2012-Bronx,2012,Bronx,1404470.732,0
2012-Broome,2012,Broome,200105,58
2012-Cattaraugus,2012,Cattaraugus,78364,11
2012-Cayuga,2012,Cayuga,80168,8
2012-Chautauqua,2012,Chautauqua,135093,37
2012-Chemung,2012,Chemung,89320,32
2012-Chenango,2012,Chenango,50389,10
2012-Clinton,2012,Clinton,82387,2
2012-Columbia,2012,Columbia,62888,12
2012-Cortland,2012,Cortland,49629,6
2012-Delaware,2012,Delaware,46974,8
2012-Dutchess,2012,Dutchess,299607,105
2012-Erie,2012,Erie,922983,1186
2012-Essex,2012,Essex,37885,13
2012-Franklin,2012,Franklin,51829,4
2012-Fulton,2012,Fulton,55347,9
2012-Genesee,2012,Genesee,60189,6
2012-Greene,2012,Greene,49218,5
2012-Hamilton,2012,Hamilton,4819,0
2012-Herkimer,2012,Herkimer,64506,7
2012-Jefferson,2012,Jefferson,118546,20
2012-Kings,2012,Kings,2539713.758,0
2012-Lewis,2012,Lewis,27218,3
2012-Livingston,2012,Livingston,65421,7
2012-Madison,2012,Madison,73761,2
2012-Monroe,2012,Monroe,749650,789
2012-Montgomery,2012,Montgomery,50185,10
2012-Nassau,2012,Nassau,1351693,450
2012-New York,2012,New York,1608042.271,0
2012-Niagara,2012,Niagara,217177,144
2012-Oneida,2012,Oneida,235552,90
2012-Onondaga,2012,Onondaga,469480,341
2012-Ontario,2012,Ontario,109111,14
2012-Orange,2012,Orange,376895,163
2012-Orleans,2012,Orleans,42852,6
2012-Oswego,2012,Oswego,122888,20
2012-Otsego,2012,Otsego,62251,6
2012-Putnam,2012,Putnam,100472,3
2012-Queens,2012,Queens,2261905.758,0
2012-Rensselaer,2012,Rensselaer,160255,102
2012-Richmond,2012,Richmond,475282.4808,0
2012-Rockland,2012,Rockland,316859,57
2012-Saratoga,2012,Saratoga,222074,13
2012-Schenectady,2012,Schenectady,155895,102
2012-Schoharie,2012,Schoharie,32754,4
2012-Schuyler,2012,Schuyler,18460,6
2012-Seneca,2012,Seneca,35388,2
2012-Steuben,2012,Steuben,99568,7
2012-St Lawrence,2012,St Lawrence,112293,14
2012-Suffolk,2012,Suffolk,1506906,437
2012-Sullivan,2012,Sullivan,77315,26
2012-Tioga,2012,Tioga,51319,1
2012-Tompkins,2012,Tompkins,102272,14
2012-Ulster,2012,Ulster,183433,32
2012-Warren,2012,Warren,66186,9
2012-Washington,2012,Washington,63506,12
2012-Wayne,2012,Wayne,93940,10
2012-Westchester,2012,Westchester,961058,340
2012-Wyoming,2012,Wyoming,42170,2
2012-Yates,2012,Yates,25591,2
2011-Albany,2011,Albany,305571,196
2011-Allegany,2011,Allegany,49166,4
2011-Bronx,2011,Bronx,1391333,0
2011-Broome,2011,Broome,201502,46
2011-Cattaraugus,2011,Cattaraugus,78771,12
2011-Cayuga,2011,Cayuga,80386,15
2011-Chautauqua,2011,Chautauqua,135511,28
2011-Chemung,2011,Chemung,89229,9
2011-Chenango,2011,Chenango,50704,7
2011-Clinton,2011,Clinton,82497,2
2011-Columbia,2011,Columbia,63380,21
2011-Cortland,2011,Cortland,49558,4
2011-Delaware,2011,Delaware,47349,10
2011-Dutchess,2011,Dutchess,298825,91
2011-Erie,2011,Erie,923171,1155
2011-Essex,2011,Essex,38031,3
2011-Franklin,2011,Franklin,51831,2
2011-Fulton,2011,Fulton,55649,14
2011-Genesee,2011,Genesee,60220,6
2011-Greene,2011,Greene,49442,6
2011-Hamilton,2011,Hamilton,4858,0
2011-Herkimer,2011,Herkimer,64809,7
2011-Jefferson,2011,Jefferson,116751,22
2011-Kings,2011,Kings,2515957,0
2011-Lewis,2011,Lewis,27209,5
2011-Livingston,2011,Livingston,65687,7
2011-Madison,2011,Madison,73772,3
2011-Monroe,2011,Monroe,747689,700
2011-Montgomery,2011,Montgomery,50445,4
2011-Nassau,2011,Nassau,1345553,398
2011-New York,2011,New York,1593000,0
2011-Niagara,2011,Niagara,217442,139
2011-Oneida,2011,Oneida,235934,94
2011-Onondaga,2011,Onondaga,469125,303
2011-Ontario,2011,Ontario,108416,13
2011-Orange,2011,Orange,374489,200
2011-Orleans,2011,Orleans,43076,5
2011-Oswego,2011,Oswego,122658,17
2011-Otsego,2011,Otsego,62539,18
2011-Putnam,2011,Putnam,100158,1
2011-Queens,2011,Queens,2240748,0
2011-Rensselaer,2011,Rensselaer,160146,112
2011-Richmond,2011,Richmond,470837,0
2011-Rockland,2011,Rockland,313088,44
2011-Saratoga,2011,Saratoga,220594,8
2011-Schenectady,2011,Schenectady,155422,126
2011-Schoharie,2011,Schoharie,32896,3
2011-Schuyler,2011,Schuyler,18425,3
2011-Seneca,2011,Seneca,35409,3
2011-Steuben,2011,Steuben,99435,9
2011-St Lawrence,2011,St Lawrence,112447,26
2011-Suffolk,2011,Suffolk,1500062,530
2011-Sullivan,2011,Sullivan,77896,24
2011-Tioga,2011,Tioga,51355,1
2011-Tompkins,2011,Tompkins,102020,9
2011-Ulster,2011,Ulster,183313,36
2011-Warren,2011,Warren,66002,9
2011-Washington,2011,Washington,63500,17
2011-Wayne,2011,Wayne,94193,15
2011-Westchester,2011,Westchester,953379,346
2011-Wyoming,2011,Wyoming,42344,2
2011-Yates,2011,Yates,25462,0
2010-Albany,2010,Albany,295267,154
2010-Allegany,2010,Allegany,48531,10
2010-Bronx,2010,Bronx,1387983,0
2010-Broome,2010,Broome,191892,64
2010-Cattaraugus,2010,Cattaraugus,76602,10
2010-Cayuga,2010,Cayuga,78400,17
2010-Chautauqua,2010,Chautauqua,131411,41
2010-Chemung,2010,Chemung,87073,32
2010-Chenango,2010,Chenango,49978,8
2010-Clinton,2010,Clinton,80874,9
2010-Columbia,2010,Columbia,60786,10
2010-Cortland,2010,Cortland,47401,6
2010-Delaware,2010,Delaware,43997,10
2010-Dutchess,2010,Dutchess,291541,118
2010-Erie,2010,Erie,895158,1144
2010-Essex,2010,Essex,35964,6
2010-Franklin,2010,Franklin,49634,3
2010-Fulton,2010,Fulton,54344,24
2010-Genesee,2010,Genesee,56871,9
2010-Greene,2010,Greene,48478,6
2010-Hamilton,2010,Hamilton,4824,1
2010-Herkimer,2010,Herkimer,61330,15
2010-Jefferson,2010,Jefferson,118131,31
2010-Kings,2010,Kings,2550004,0
2010-Lewis,2010,Lewis,25785,5
2010-Livingston,2010,Livingston,62020,3
2010-Madison,2010,Madison,69222,8
2010-Monroe,2010,Monroe,724942,817
2010-Montgomery,2010,Montgomery,47969,4
2010-Nassau,2010,Nassau,1344303,404
2010-New York,2010,New York,1618207,0
2010-Niagara,2010,Niagara,211650,124
2010-Oneida,2010,Oneida,228059,115
2010-Onondaga,2010,Onondaga,449339,355
2010-Ontario,2010,Ontario,105010,7
2010-Orange,2010,Orange,383475,152
2010-Orleans,2010,Orleans,41377,5
2010-Oswego,2010,Oswego,119906,16
2010-Otsego,2010,Otsego,60905,13
2010-Putnam,2010,Putnam,98472,7
2010-Queens,2010,Queens,2291352,0
2010-Rensselaer,2010,Rensselaer,154087,93
2010-Richmond,2010,Richmond,488456,0
2010-Rockland,2010,Rockland,298092,61
2010-Saratoga,2010,Saratoga,219519,4
2010-Schenectady,2010,Schenectady,151036,145
2010-Schoharie,2010,Schoharie,31169,1
2010-Schuyler,2010,Schuyler,18455,0
2010-Seneca,2010,Seneca,33740,1
2010-Steuben,2010,Steuben,95252,8
2010-St Lawrence,2010,St Lawrence,108273,14
2010-Suffolk,2010,Suffolk,1511183,542
2010-Sullivan,2010,Sullivan,75137,18
2010-Tioga,2010,Tioga,49341,6
2010-Tompkins,2010,Tompkins,101158,14
2010-Ulster,2010,Ulster,179764,40
2010-Warren,2010,Warren,65549,4
2010-Washington,2010,Washington,62227,12
2010-Wayne,2010,Wayne,90027,14
2010-Westchester,2010,Westchester,948303,347
2010-Wyoming,2010,Wyoming,40743,6
2010-Yates,2010,Yates,24182,1
2009-Albany,2009,Albany,298400,191
2009-Allegany,2009,Allegany,49605,5
2009-Bronx,2009,Bronx,1398093,0
2009-Broome,2009,Broome,194381,56
2009-Cattaraugus,2009,Cattaraugus,77397,14
2009-Cayuga,2009,Cayuga,79569,20
2009-Chautauqua,2009,Chautauqua,133112,23
2009-Chemung,2009,Chemung,87431,22
2009-Chenango,2009,Chenango,50830,7
2009-Clinton,2009,Clinton,82153,4
2009-Columbia,2009,Columbia,61871,17
2009-Cortland,2009,Cortland,48257,6
2009-Delaware,2009,Delaware,45075,7
2009-Dutchess,2009,Dutchess,294145,120
2009-Erie,2009,Erie,905273,1331
2009-Essex,2009,Essex,36495,2
2009-Franklin,2009,Franklin,50448,8
2009-Fulton,2009,Fulton,54912,18
2009-Genesee,2009,Genesee,57420,12
2009-Greene,2009,Greene,49071,11
2009-Hamilton,2009,Hamilton,4980,0
2009-Herkimer,2009,Herkimer,61943,9
2009-Jefferson,2009,Jefferson,118766,28
2009-Kings,2009,Kings,2567968,0
2009-Lewis,2009,Lewis,26082,2
2009-Livingston,2009,Livingston,63003,9
2009-Madison,2009,Madison,69784,8
2009-Monroe,2009,Monroe,731849,785
2009-Montgomery,2009,Montgomery,48557,10
2009-Nassau,2009,Nassau,1352956,453
2009-New York,2009,New York,1642066,0
2009-Niagara,2009,Niagara,213831,135
2009-Oneida,2009,Oneida,231141,136
2009-Onondaga,2009,Onondaga,451917,301
2009-Ontario,2009,Ontario,104919,25
2009-Orange,2009,Orange,383829,127
2009-Orleans,2009,Orleans,41904,8
2009-Oswego,2009,Oswego,121238,20
2009-Otsego,2009,Otsego,61976,8
2009-Putnam,2009,Putnam,99574,5
2009-Queens,2009,Queens,2303205,0
2009-Rensselaer,2009,Rensselaer,155511,96
2009-Richmond,2009,Richmond,489575,0
2009-Rockland,2009,Rockland,299944,60
2009-Saratoga,2009,Saratoga,218936,15
2009-Schenectady,2009,Schenectady,151942,129
2009-Schoharie,2009,Schoharie,31936,3
2009-Schuyler,2009,Schuyler,18839,4
2009-Seneca,2009,Seneca,34162,5
2009-Steuben,2009,Steuben,96303,3
2009-St Lawrence,2009,St Lawrence,109430,14
2009-Suffolk,2009,Suffolk,1521962,582
2009-Sullivan,2009,Sullivan,76387,15
2009-Tioga,2009,Tioga,49986,6
2009-Tompkins,2009,Tompkins,101616,13
2009-Ulster,2009,Ulster,182041,57
2009-Warren,2009,Warren,66247,3
2009-Washington,2009,Washington,62991,5
2009-Wayne,2009,Wayne,91270,15
2009-Westchester,2009,Westchester,956850,317
2009-Wyoming,2009,Wyoming,41453,8
2009-Yates,2009,Yates,24634,0
2008-Albany,2008,Albany,299789,238
2008-Allegany,2008,Allegany,49594,2
2008-Bronx,2008,Bronx,1385371,0
2008-Broome,2008,Broome,195377,43
2008-Cattaraugus,2008,Cattaraugus,77775,16
2008-Cayuga,2008,Cayuga,79812,7
2008-Chautauqua,2008,Chautauqua,133217,35
2008-Chemung,2008,Chemung,87619,23
2008-Chenango,2008,Chenango,51170,4
2008-Clinton,2008,Clinton,82475,3
2008-Columbia,2008,Columbia,62256,15
2008-Cortland,2008,Cortland,48328,4
2008-Delaware,2008,Delaware,45266,10
2008-Dutchess,2008,Dutchess,294181,201
2008-Erie,2008,Erie,908651,1299
2008-Essex,2008,Essex,36790,3
2008-Franklin,2008,Franklin,50353,2
2008-Fulton,2008,Fulton,55012,12
2008-Genesee,2008,Genesee,57721,11
2008-Greene,2008,Greene,49358,6
2008-Hamilton,2008,Hamilton,5036,0
2008-Herkimer,2008,Herkimer,62313,7
2008-Jefferson,2008,Jefferson,117896,28
2008-Kings,2008,Kings,2549604,0
2008-Lewis,2008,Lewis,26403,5
2008-Livingston,2008,Livingston,63029,6
2008-Madison,2008,Madison,69859,7
2008-Monroe,2008,Monroe,728695,882
2008-Montgomery,2008,Montgomery,48560,5
2008-Nassau,2008,Nassau,1354833,407
2008-New York,2008,New York,1634686,0
2008-Niagara,2008,Niagara,214193,107
2008-Oneida,2008,Oneida,231868,152
2008-Onondaga,2008,Onondaga,453316,309
2008-Ontario,2008,Ontario,104379,11
2008-Orange,2008,Orange,381554,123
2008-Orleans,2008,Orleans,42138,9
2008-Oswego,2008,Oswego,121286,29
2008-Otsego,2008,Otsego,62469,10
2008-Putnam,2008,Putnam,99894,4
2008-Queens,2008,Queens,2289695,0
2008-Rensselaer,2008,Rensselaer,155621,89
2008-Richmond,2008,Richmond,485719,0
2008-Rockland,2008,Rockland,298129,36
2008-Saratoga,2008,Saratoga,217656,9
2008-Schenectady,2008,Schenectady,151325,174
2008-Schoharie,2008,Schoharie,32113,1
2008-Schuyler,2008,Schuyler,18989,1
2008-Seneca,2008,Seneca,34332,5
2008-Steuben,2008,Steuben,96608,1
2008-St Lawrence,2008,St Lawrence,109530,6
2008-Suffolk,2008,Suffolk,1522727,568
2008-Sullivan,2008,Sullivan,76571,11
2008-Tioga,2008,Tioga,50281,4
2008-Tompkins,2008,Tompkins,101591,20
2008-Ulster,2008,Ulster,182305,33
2008-Warren,2008,Warren,66478,4
2008-Washington,2008,Washington,62944,6
2008-Wayne,2008,Wayne,90960,8
2008-Westchester,2008,Westchester,954255,319
2008-Wyoming,2008,Wyoming,41742,9
2008-Yates,2008,Yates,24542,1
2007-Albany,2007,Albany,297154,208
2007-Allegany,2007,Allegany,50178,6
2007-Bronx,2007,Bronx,1364553,0
2007-Broome,2007,Broome,195161,33
2007-Cattaraugus,2007,Cattaraugus,79103,25
2007-Cayuga,2007,Cayuga,80918,16
2007-Chautauqua,2007,Chautauqua,134387,38
2007-Chemung,2007,Chemung,88057,28
2007-Chenango,2007,Chenango,51696,4
2007-Clinton,2007,Clinton,82260,4
2007-Columbia,2007,Columbia,62763,17
2007-Cortland,2007,Cortland,48336,14
2007-Delaware,2007,Delaware,45894,8
2007-Dutchess,2007,Dutchess,296416,167
2007-Erie,2007,Erie,914914,1231
2007-Essex,2007,Essex,37259,2
2007-Franklin,2007,Franklin,50805,13
2007-Fulton,2007,Fulton,55242,14
2007-Genesee,2007,Genesee,58342,6
2007-Greene,2007,Greene,49912,5
2007-Hamilton,2007,Hamilton,5117,0
2007-Herkimer,2007,Herkimer,63007,8
2007-Jefferson,2007,Jefferson,114354,17
2007-Kings,2007,Kings,2515380,0
2007-Lewis,2007,Lewis,26568,2
2007-Livingston,2007,Livingston,63964,7
2007-Madison,2007,Madison,70109,4
2007-Monroe,2007,Monroe,728081,962
2007-Montgomery,2007,Montgomery,48895,4
2007-Nassau,2007,Nassau,1320440,398
2007-New York,2007,New York,1611158,0
2007-Niagara,2007,Niagara,215039,104
2007-Oneida,2007,Oneida,233118,126
2007-Onondaga,2007,Onondaga,455272,380
2007-Ontario,2007,Ontario,104638,8
2007-Orange,2007,Orange,380352,118
2007-Orleans,2007,Orleans,42956,8
2007-Oswego,2007,Oswego,122810,18
2007-Otsego,2007,Otsego,62542,6
2007-Putnam,2007,Putnam,100963,1
2007-Queens,2007,Queens,2252334,0
2007-Rensselaer,2007,Rensselaer,155251,84
2007-Richmond,2007,Richmond,476771,0
2007-Rockland,2007,Rockland,295219,35
2007-Saratoga,2007,Saratoga,216944,5
2007-Schenectady,2007,Schenectady,150599,133
2007-Schoharie,2007,Schoharie,32193,1
2007-Schuyler,2007,Schuyler,19382,1
2007-Seneca,2007,Seneca,34827,2
2007-Steuben,2007,Steuben,97881,4
2007-St Lawrence,2007,St Lawrence,110894,9
2007-Suffolk,2007,Suffolk,1472242,549
2007-Sullivan,2007,Sullivan,76742,19
2007-Tioga,2007,Tioga,51076,5
2007-Tompkins,2007,Tompkins,100687,8
2007-Ulster,2007,Ulster,182932,38
2007-Warren,2007,Warren,66304,8
2007-Washington,2007,Washington,63536,10
2007-Wayne,2007,Wayne,92504,10
2007-Westchester,2007,Westchester,950091,303
2007-Wyoming,2007,Wyoming,42384,2
2007-Yates,2007,Yates,24679,0
2006-Albany,2006,Albany,298210,200
2006-Allegany,2006,Allegany,50737,6
2006-Bronx,2006,Bronx,1363555,0
2006-Broome,2006,Broome,197474,39
2006-Cattaraugus,2006,Cattaraugus,80814,17
2006-Cayuga,2006,Cayuga,81672,18
2006-Chautauqua,2006,Chautauqua,136774,36
2006-Chemung,2006,Chemung,89752,25
2006-Chenango,2006,Chenango,51894,3
2006-Clinton,2006,Clinton,82267,7
2006-Columbia,2006,Columbia,63792,9
2006-Cortland,2006,Cortland,48752,4
2006-Delaware,2006,Delaware,46826,3
2006-Dutchess,2006,Dutchess,295638,168
2006-Erie,2006,Erie,933195,1450
2006-Essex,2006,Essex,37515,2
2006-Franklin,2006,Franklin,51170,9
2006-Fulton,2006,Fulton,55675,13
2006-Genesee,2006,Genesee,59301,4
2006-Greene,2006,Greene,49815,5
2006-Hamilton,2006,Hamilton,5242,0
2006-Herkimer,2006,Herkimer,63951,5
2006-Jefferson,2006,Jefferson,116696,25
2006-Kings,2006,Kings,2490325,0
2006-Lewis,2006,Lewis,26642,1
2006-Livingston,2006,Livingston,64377,10
2006-Madison,2006,Madison,70525,7
2006-Monroe,2006,Monroe,735330,1365
2006-Montgomery,2006,Montgomery,49099,4
2006-Nassau,2006,Nassau,1336706,468
2006-New York,2006,New York,1600341,0
2006-Niagara,2006,Niagara,217589,175
2006-Oneida,2006,Oneida,234732,107
2006-Onondaga,2006,Onondaga,459279,392
2006-Ontario,2006,Ontario,104741,9
2006-Orange,2006,Orange,373891,96
2006-Orleans,2006,Orleans,43503,3
2006-Oswego,2006,Oswego,123703,15
2006-Otsego,2006,Otsego,62914,11
2006-Putnam,2006,Putnam,100776,11
2006-Queens,2006,Queens,2245375,0
2006-Rensselaer,2006,Rensselaer,155667,109
2006-Richmond,2006,Richmond,465405,0
2006-Rockland,2006,Rockland,293700,32
2006-Saratoga,2006,Saratoga,215434,10
2006-Schenectady,2006,Schenectady,149477,157
2006-Schoharie,2006,Schoharie,32363,2
2006-Schuyler,2006,Schuyler,19394,1
2006-Seneca,2006,Seneca,34948,1
2006-Steuben,2006,Steuben,98896,10
2006-St Lawrence,2006,St Lawrence,111678,8
2006-Suffolk,2006,Suffolk,1478876,619
2006-Sullivan,2006,Sullivan,76744,26
2006-Tioga,2006,Tioga,51613,3
2006-Tompkins,2006,Tompkins,100286,10
2006-Ulster,2006,Ulster,183182,24
2006-Warren,2006,Warren,65724,2
2006-Washington,2006,Washington,63193,6
2006-Wayne,2006,Wayne,92018,9
2006-Westchester,2006,Westchester,943326,406
2006-Wyoming,2006,Wyoming,42807,6
2006-Yates,2006,Yates,24822,1
2005-Albany,2005,Albany,298859,260
2005-Allegany,2005,Allegany,50647,4
2005-Bronx,2005,Bronx,1355320,0
2005-Broome,2005,Broome,197979,31
2005-Cattaraugus,2005,Cattaraugus,83298,22
2005-Cayuga,2005,Cayuga,82033,5
2005-Chautauqua,2005,Chautauqua,137464,33
2005-Chemung,2005,Chemung,90113,19
2005-Chenango,2005,Chenango,51935,2
2005-Clinton,2005,Clinton,81992,7
2005-Columbia,2005,Columbia,63759,7
2005-Cortland,2005,Cortland,49076,3
2005-Delaware,2005,Delaware,47396,12
2005-Dutchess,2005,Dutchess,293815,99
2005-Erie,2005,Erie,937659,1353
2005-Essex,2005,Essex,38957,4
2005-Franklin,2005,Franklin,51082,8
2005-Fulton,2005,Fulton,55542,11
2005-Genesee,2005,Genesee,59775,7
2005-Greene,2005,Greene,49265,2
2005-Hamilton,2005,Hamilton,5234,1
2005-Herkimer,2005,Herkimer,63949,9
2005-Jefferson,2005,Jefferson,111627,19
2005-Kings,2005,Kings,2475286,0
2005-Lewis,2005,Lewis,26602,0
2005-Livingston,2005,Livingston,64912,3
2005-Madison,2005,Madison,70508,10
2005-Monroe,2005,Monroe,736230,1046
2005-Montgomery,2005,Montgomery,49354,4
2005-Nassau,2005,Nassau,1341560,487
2005-New York,2005,New York,1590675,0
2005-Niagara,2005,Niagara,218372,208
2005-Oneida,2005,Oneida,235299,53
2005-Onondaga,2005,Onondaga,460464,395
2005-Ontario,2005,Ontario,103652,17
2005-Orange,2005,Orange,370883,145
2005-Orleans,2005,Orleans,44201,3
2005-Oswego,2005,Oswego,123953,8
2005-Otsego,2005,Otsego,62608,10
2005-Putnam,2005,Putnam,100714,5
2005-Queens,2005,Queens,2231815,0
2005-Rensselaer,2005,Rensselaer,154298,61
2005-Richmond,2005,Richmond,462594,0
2005-Rockland,2005,Rockland,294047,45
2005-Saratoga,2005,Saratoga,213011,13
2005-Schenectady,2005,Schenectady,148254,154
2005-Schoharie,2005,Schoharie,32058,5
2005-Schuyler,2005,Schuyler,19533,2
2005-Seneca,2005,Seneca,35125,0
2005-Steuben,2005,Steuben,98956,3
2005-St Lawrence,2005,St Lawrence,111465,6
2005-Suffolk,2005,Suffolk,1477602,680
2005-Sullivan,2005,Sullivan,76219,22
2005-Tioga,2005,Tioga,51609,2
2005-Tompkins,2005,Tompkins,100278,23
2005-Ulster,2005,Ulster,182039,35
2005-Warren,2005,Warren,65240,7
2005-Washington,2005,Washington,62897,6
2005-Wayne,2005,Wayne,93995,7
2005-Westchester,2005,Westchester,943794,376
2005-Wyoming,2005,Wyoming,43048,1
2005-Yates,2005,Yates,24704,0
2004-Albany,2004,Albany,298419,194
2004-Allegany,2004,Allegany,50659,4
2004-Bronx,2004,Bronx,1369123,0
2004-Broome,2004,Broome,199744,28
2004-Cattaraugus,2004,Cattaraugus,83515,16
2004-Cayuga,2004,Cayuga,81883,10
2004-Chautauqua,2004,Chautauqua,137910,32
2004-Chemung,2004,Chemung,90587,27
2004-Chenango,2004,Chenango,51759,2
2004-Clinton,2004,Clinton,81523,4
2004-Columbia,2004,Columbia,63527,4
2004-Cortland,2004,Cortland,48785,6
2004-Delaware,2004,Delaware,47317,4
2004-Dutchess,2004,Dutchess,291445,92
2004-Erie,2004,Erie,943107,1068
2004-Essex,2004,Essex,39067,4
2004-Franklin,2004,Franklin,51154,2
2004-Fulton,2004,Fulton,55312,13
2004-Genesee,2004,Genesee,60136,10
2004-Greene,2004,Greene,48959,6
2004-Hamilton,2004,Hamilton,5288,0
2004-Herkimer,2004,Herkimer,63827,10
2004-Jefferson,2004,Jefferson,114872,13
2004-Kings,2004,Kings,2479004,0
2004-Lewis,2004,Lewis,26687,0
2004-Livingston,2004,Livingston,64783,10
2004-Madison,2004,Madison,70317,4
2004-Monroe,2004,Monroe,738157,942
2004-Montgomery,2004,Montgomery,49466,5
2004-Nassau,2004,Nassau,1342044,415
2004-New York,2004,New York,1563556,0
2004-Niagara,2004,Niagara,218570,135
2004-Oneida,2004,Oneida,234825,63
2004-Onondaga,2004,Onondaga,461404,295
2004-Ontario,2004,Ontario,102642,13
2004-Orange,2004,Orange,363853,92
2004-Orleans,2004,Orleans,43713,1
2004-Oswego,2004,Oswego,123733,9
2004-Otsego,2004,Otsego,62316,9
2004-Putnam,2004,Putnam,99742,4
2004-Queens,2004,Queens,2227863,0
2004-Rensselaer,2004,Rensselaer,154304,52
2004-Richmond,2004,Richmond,461775,0
2004-Rockland,2004,Rockland,293553,63
2004-Saratoga,2004,Saratoga,210222,11
2004-Schenectady,2004,Schenectady,147573,125
2004-Schoharie,2004,Schoharie,31746,0
2004-Schuyler,2004,Schuyler,19492,6
2004-Seneca,2004,Seneca,35251,0
2004-Steuben,2004,Steuben,99203,10
2004-St Lawrence,2004,St Lawrence,111870,6
2004-Suffolk,2004,Suffolk,1470865,512
2004-Sullivan,2004,Sullivan,75092,17
2004-Tioga,2004,Tioga,51846,1
2004-Tompkins,2004,Tompkins,101606,5
2004-Ulster,2004,Ulster,181460,24
2004-Warren,2004,Warren,64840,7
2004-Washington,2004,Washington,61991,2
2004-Wayne,2004,Wayne,93909,8
2004-Westchester,2004,Westchester,942114,326
2004-Wyoming,2004,Wyoming,43015,3
2004-Yates,2004,Yates,24768,2
2003-Albany,2003,Albany,296677,183
2003-Allegany,2003,Allegany,50266,3
2003-Bronx,2003,Bronx,1352377,0
2003-Broome,2003,Broome,200665,36
2003-Cattaraugus,2003,Cattaraugus,83411,19
2003-Cayuga,2003,Cayuga,81701,17
2003-Chautauqua,2003,Chautauqua,138567,52
2003-Chemung,2003,Chemung,90768,31
2003-Chenango,2003,Chenango,51411,0
2003-Clinton,2003,Clinton,81207,5
2003-Columbia,2003,Columbia,63640,4
2003-Cortland,2003,Cortland,48897,6
2003-Delaware,2003,Delaware,47382,9
2003-Dutchess,2003,Dutchess,288241,94
2003-Erie,2003,Erie,946656,1184
2003-Essex,2003,Essex,39001,0
2003-Franklin,2003,Franklin,51051,4
2003-Fulton,2003,Fulton,55143,12
2003-Genesee,2003,Genesee,59901,17
2003-Greene,2003,Greene,48621,5
2003-Hamilton,2003,Hamilton,5304,0
2003-Herkimer,2003,Herkimer,63849,6
2003-Jefferson,2003,Jefferson,108344,15
2003-Kings,2003,Kings,2494204,0
2003-Lewis,2003,Lewis,26718,0
2003-Livingston,2003,Livingston,64934,8
2003-Madison,2003,Madison,69908,6
2003-Monroe,2003,Monroe,739678,1119
2003-Montgomery,2003,Montgomery,49471,1
2003-Nassau,2003,Nassau,1347179,470
2003-New York,2003,New York,1546731,0
2003-Niagara,2003,Niagara,218470,122
2003-Oneida,2003,Oneida,235366,117
2003-Onondaga,2003,Onondaga,461560,311
2003-Ontario,2003,Ontario,101740,10
2003-Orange,2003,Orange,357380,76
2003-Orleans,2003,Orleans,43966,5
2003-Oswego,2003,Oswego,123141,10
2003-Otsego,2003,Otsego,62176,10
2003-Putnam,2003,Putnam,98424,6
2003-Queens,2003,Queens,2243164,0
2003-Rensselaer,2003,Rensselaer,153560,60
2003-Richmond,2003,Richmond,461590,0
2003-Rockland,2003,Rockland,292331,58
2003-Saratoga,2003,Saratoga,207487,13
2003-Schenectady,2003,Schenectady,147370,115
2003-Schoharie,2003,Schoharie,31909,3
2003-Schuyler,2003,Schuyler,19408,5
2003-Seneca,2003,Seneca,35035,0
2003-Steuben,2003,Steuben,99482,7
2003-St Lawrence,2003,St Lawrence,111362,8
2003-Suffolk,2003,Suffolk,1461136,618
2003-Sullivan,2003,Sullivan,74399,17
2003-Tioga,2003,Tioga,51860,4
2003-Tompkins,2003,Tompkins,99376,10
2003-Ulster,2003,Ulster,180292,42
2003-Warren,2003,Warren,64015,16
2003-Washington,2003,Washington,61299,7
2003-Wayne,2003,Wayne,94238,17
2003-Westchester,2003,Westchester,938873,409
2003-Wyoming,2003,Wyoming,43238,2
2003-Yates,2003,Yates,24565,0
2002-Albany,2002,Albany,297376,224
2002-Allegany,2002,Allegany,50404,8
2002-Bronx,2002,Bronx,1325890,0
2002-Broome,2002,Broome,202449,46
2002-Cattaraugus,2002,Cattaraugus,84756,13
2002-Cayuga,2002,Cayuga,82745,6
2002-Chautauqua,2002,Chautauqua,141084,23
2002-Chemung,2002,Chemung,91939,39
2002-Chenango,2002,Chenango,51891,11
2002-Clinton,2002,Clinton,80656,6
2002-Columbia,2002,Columbia,63696,18
2002-Cortland,2002,Cortland,49062,4
2002-Delaware,2002,Delaware,48513,7
2002-Dutchess,2002,Dutchess,282823,116
2002-Erie,2002,Erie,959333,1101
2002-Essex,2002,Essex,39222,6
2002-Franklin,2002,Franklin,51622,5
2002-Fulton,2002,Fulton,55598,4
2002-Genesee,2002,Genesee,60946,4
2002-Greene,2002,Greene,48655,3
2002-Hamilton,2002,Hamilton,5431,0
2002-Herkimer,2002,Herkimer,65041,9
2002-Jefferson,2002,Jefferson,112804,13
2002-Kings,2002,Kings,2538594,0
2002-Lewis,2002,Lewis,27201,0
2002-Livingston,2002,Livingston,64942,1
2002-Madison,2002,Madison,70104,6
2002-Monroe,2002,Monroe,742360,908
2002-Montgomery,2002,Montgomery,50183,6
2002-Nassau,2002,Nassau,1347279,429
2002-New York,2002,New York,1641192,0
2002-Niagara,2002,Niagara,221944,110
2002-Oneida,2002,Oneida,237716,97
2002-Onondaga,2002,Onondaga,462710,312
2002-Ontario,2002,Ontario,101181,18
2002-Orange,2002,Orange,344624,145
2002-Orleans,2002,Orleans,44592,5
2002-Oswego,2002,Oswego,123545,17
2002-Otsego,2002,Otsego,62265,14
2002-Putnam,2002,Putnam,96658,3
2002-Queens,2002,Queens,2158613,0
2002-Rensselaer,2002,Rensselaer,153993,84
2002-Richmond,2002,Richmond,420404,0
2002-Rockland,2002,Rockland,289489,58
2002-Saratoga,2002,Saratoga,202550,28
2002-Schenectady,2002,Schenectady,147953,104
2002-Schoharie,2002,Schoharie,31884,3
2002-Schuyler,2002,Schuyler,19407,7
2002-Seneca,2002,Seneca,33661,0
2002-Steuben,2002,Steuben,99668,6
2002-St Lawrence,2002,St Lawrence,112999,8
2002-Suffolk,2002,Suffolk,1432913,600
2002-Sullivan,2002,Sullivan,74672,30
2002-Tioga,2002,Tioga,52278,3
2002-Tompkins,2002,Tompkins,97422,5
2002-Ulster,2002,Ulster,179445,26
2002-Warren,2002,Warren,63907,16
2002-Washington,2002,Washington,61624,0
2002-Wayne,2002,Wayne,94660,12
2002-Westchester,2002,Westchester,932270,379
2002-Wyoming,2002,Wyoming,43838,2
2002-Yates,2002,Yates,24856,1
2001-Albany,2001,Albany,295107,252
2001-Allegany,2001,Allegany,50019,3
2001-Bronx,2001,Bronx,1315775,2057
2001-Broome,2001,Broome,200905,47
2001-Cattaraugus,2001,Cattaraugus,84109,7
2001-Cayuga,2001,Cayuga,82114,6
2001-Chautauqua,2001,Chautauqua,140007,23
2001-Chemung,2001,Chemung,91238,28
2001-Chenango,2001,Chenango,51496,5
2001-Clinton,2001,Clinton,80041,2
2001-Columbia,2001,Columbia,63210,14
2001-Cortland,2001,Cortland,48688,3
2001-Delaware,2001,Delaware,48143,15
2001-Dutchess,2001,Dutchess,280666,72
2001-Erie,2001,Erie,952014,1032
2001-Essex,2001,Essex,38922,3
2001-Franklin,2001,Franklin,51228,1
2001-Fulton,2001,Fulton,55174,6
2001-Genesee,2001,Genesee,60481,6
2001-Greene,2001,Greene,48284,8
2001-Hamilton,2001,Hamilton,5389,0
2001-Herkimer,2001,Herkimer,64546,2
2001-Jefferson,2001,Jefferson,111944,16
2001-Kings,2001,Kings,2519228,4091
2001-Lewis,2001,Lewis,26994,0
2001-Livingston,2001,Livingston,64446,6
2001-Madison,2001,Madison,69569,4
2001-Monroe,2001,Monroe,736696,816
2001-Montgomery,2001,Montgomery,49799,7
2001-Nassau,2001,Nassau,1337000,463
2001-New York,2001,New York,1628673,1606
2001-Niagara,2001,Niagara,220251,119
2001-Oneida,2001,Oneida,235902,90
2001-Onondaga,2001,Onondaga,459179,272
2001-Ontario,2001,Ontario,100408,8
2001-Orange,2001,Orange,341995,111
2001-Orleans,2001,Orleans,44252,5
2001-Oswego,2001,Oswego,122602,10
2001-Otsego,2001,Otsego,61789,25
2001-Putnam,2001,Putnam,95921,7
2001-Queens,2001,Queens,2142146,1870
2001-Rensselaer,2001,Rensselaer,152819,59
2001-Richmond,2001,Richmond,417196,141
2001-Rockland,2001,Rockland,287281,56
2001-Saratoga,2001,Saratoga,201004,32
2001-Schenectady,2001,Schenectady,146825,111
2001-Schoharie,2001,Schoharie,31640,8
2001-Schuyler,2001,Schuyler,19259,5
2001-Seneca,2001,Seneca,33403,4
2001-Steuben,2001,Steuben,98908,6
2001-St. Lawrence,2001,St. Lawrence,112137,6
2001-Suffolk,2001,Suffolk,1421981,662
2001-Sullivan,2001,Sullivan,74102,16
2001-Tioga,2001,Tioga,51879,2
2001-Tompkins,2001,Tompkins,96679,10
2001-Ulster,2001,Ulster,178076,14
2001-Warren,2001,Warren,63419,7
2001-Washington,2001,Washington,61154,4
2001-Wayne,2001,Wayne,93938,13
2001-Westchester,2001,Westchester,925158,381
2001-Wyoming,2001,Wyoming,43504,4
2001-Yates,2001,Yates,24666,0
2000-Albany,2000,Albany,304521,153
2000-Allegany,2000,Allegany,52720,4
2000-Bronx,2000,Bronx,1270428,2282
2000-Broome,2000,Broome,203614,45
2000-Cattaraugus,2000,Cattaraugus,88097,21
2000-Cayuga,2000,Cayuga,85205,4
2000-Chautauqua,2000,Chautauqua,143321,18
2000-Chemung,2000,Chemung,95670,24
2000-Chenango,2000,Chenango,52877,3
2000-Clinton,2000,Clinton,83139,2
2000-Columbia,2000,Columbia,65702,10
2000-Cortland,2000,Cortland,50063,1
2000-Delaware,2000,Delaware,48349,3
2000-Dutchess,2000,Dutchess,279733,77
2000-Erie,2000,Erie,965641,1074
2000-Essex,2000,Essex,39114,1
2000-Franklin,2000,Franklin,50590,2
2000-Fulton,2000,Fulton,55116,20
2000-Genesee,2000,Genesee,63061,9
2000-Greene,2000,Greene,50420,3
2000-Hamilton,2000,Hamilton,5412,0
2000-Herkimer,2000,Herkimer,66069,5
2000-Jefferson,2000,Jefferson,114631,11
2000-Kings,2000,Kings,2432404,5042
2000-Lewis,2000,Lewis,28459,1
2000-Livingston,2000,Livingston,68673,7
2000-Madison,2000,Madison,74175,5
2000-Monroe,2000,Monroe,742951,735
2000-Montgomery,2000,Montgomery,52528,4
2000-Nassau,2000,Nassau,1360988,375
2000-New York,2000,New York,1572542,1787
2000-Niagara,2000,Niagara,225428,79
2000-Oneida,2000,Oneida,239559,118
2000-Onondaga,2000,Onondaga,475767,318
2000-Ontario,2000,Ontario,104068,18
2000-Orange,2000,Orange,348522,99
2000-Orleans,2000,Orleans,46952,1
2000-Oswego,2000,Oswego,129184,4
2000-Otsego,2000,Otsego,63217,5
2000-Putnam,2000,Putnam,98909,1
2000-Queens,2000,Queens,2068318,2053
2000-Rensselaer,2000,Rensselaer,157936,50
2000-Richmond,2000,Richmond,402819,242
2000-Rockland,2000,Rockland,296194,59
2000-Saratoga,2000,Saratoga,208293,15
2000-Schenectady,2000,Schenectady,150037,109
2000-Schoharie,2000,Schoharie,33424,1
2000-Schuyler,2000,Schuyler,20053,5
2000-Seneca,2000,Seneca,33293,2
2000-Steuben,2000,Steuben,101886,6
2000-St. Lawrence,2000,St. Lawrence,117690,10
2000-Suffolk,2000,Suffolk,1443155,473
2000-Sullivan,2000,Sullivan,72302,17
2000-Tioga,2000,Tioga,54454,3
2000-Tompkins,2000,Tompkins,101841,6
2000-Ulster,2000,Ulster,174463,22
2000-Warren,2000,Warren,64074,10
2000-Washington,2000,Washington,62718,6
2000-Wayne,2000,Wayne,99615,13
2000-Westchester,2000,Westchester,944382,430
2000-Wyoming,2000,Wyoming,46083,5
2000-Yates,2000,Yates,25608,1
1999-Albany,1999,Albany,292929,113
1999-Allegany,1999,Allegany,51057,11
1999-Bronx,1999,Bronx,1218399,2301
1999-Broome,1999,Broome,196775,34
1999-Cattaraugus,1999,Cattaraugus,85186,6
1999-Cayuga,1999,Cayuga,81359,3
1999-Chautauqua,1999,Chautauqua,138265,32
1999-Chemung,1999,Chemung,92129,28
1999-Chenango,1999,Chenango,51112,3
1999-Clinton,1999,Clinton,80064,0
1999-Columbia,1999,Columbia,63295,18
1999-Cortland,1999,Cortland,48089,2
1999-Delaware,1999,Delaware,46140,7
1999-Dutchess,1999,Dutchess,265628,93
1999-Erie,1999,Erie,935566,852
1999-Essex,1999,Essex,37592,0
1999-Franklin,1999,Franklin,48639,2
1999-Fulton,1999,Fulton,52976,5
1999-Genesee,1999,Genesee,60725,5
1999-Greene,1999,Greene,47863,3
1999-Hamilton,1999,Hamilton,5199,1
1999-Herkimer,1999,Herkimer,64124,12
1999-Jefferson,1999,Jefferson,111180,10
1999-Kings,1999,Kings,2332789,5134
1999-Lewis,1999,Lewis,27526,1
1999-Livingston,1999,Livingston,66077,8
1999-Madison,1999,Madison,71152,1
1999-Monroe,1999,Monroe,716911,647
1999-Montgomery,1999,Montgomery,50814,7
1999-Nassau,1999,Nassau,1303746,570
1999-New York,1999,New York,1508140,2078
1999-Niagara,1999,Niagara,218326,115
1999-Oneida,1999,Oneida,230898,87
1999-Onondaga,1999,Onondaga,458838,251
1999-Ontario,1999,Ontario,99779,4
1999-Orange,1999,Orange,329606,104
1999-Orleans,1999,Orleans,44570,2
1999-Oswego,1999,Oswego,124151,3
1999-Otsego,1999,Otsego,60859,4
1999-Putnam,1999,Putnam,93467,11
1999-Queens,1999,Queens,1983613,2341
1999-Rensselaer,1999,Rensselaer,152868,70
1999-Richmond,1999,Richmond,386322,200
1999-Rockland,1999,Rockland,281668,76
1999-Saratoga,1999,Saratoga,197838,14
1999-Schenectady,1999,Schenectady,145701,55
1999-Schoharie,1999,Schoharie,32476,7
1999-Schuyler,1999,Schuyler,19147,3
1999-Seneca,1999,Seneca,31980,1
1999-Steuben,1999,Steuben,98065,4
1999-St. Lawrence,1999,St. Lawrence,113821,6
1999-Suffolk,1999,Suffolk,1372876,341
1999-Sullivan,1999,Sullivan,69192,22
1999-Tioga,1999,Tioga,52538,3
1999-Tompkins,1999,Tompkins,96133,4
1999-Ulster,1999,Ulster,166546,25
1999-Warren,1999,Warren,61333,7
1999-Washington,1999,Washington,60552,6
1999-Wayne,1999,Wayne,95088,6
1999-Westchester,1999,Westchester,898972,430
1999-Wyoming,1999,Wyoming,44101,3
1999-Yates,1999,Yates,24230,0
1998-Albany,1998,Albany,294930,108
1998-Allegany,1998,Allegany,51741,10
1998-Bronx,1998,Bronx,1206670,2623
1998-Broome,1998,Broome,199151,25
1998-Cattaraugus,1998,Cattaraugus,85426,3
1998-Cayuga,1998,Cayuga,82487,11
1998-Chautauqua,1998,Chautauqua,140309,52
1998-Chemung,1998,Chemung,93283,20
1998-Chenango,1998,Chenango,52468,2
1998-Clinton,1998,Clinton,80828,3
1998-Columbia,1998,Columbia,64217,10
1998-Cortland,1998,Cortland,48947,2
1998-Delaware,1998,Delaware,46653,6
1998-Dutchess,1998,Dutchess,265243,85
1998-Erie,1998,Erie,946455,876
1998-Essex,1998,Essex,38449,2
1998-Franklin,1998,Franklin,49032,2
1998-Fulton,1998,Fulton,53399,7
1998-Genesee,1998,Genesee,61938,14
1998-Greene,1998,Greene,47953,4
1998-Hamilton,1998,Hamilton,5224,0
1998-Herkimer,1998,Herkimer,65829,6
1998-Jefferson,1998,Jefferson,113369,12
1998-Kings,1998,Kings,2310331,5422
1998-Lewis,1998,Lewis,28258,0
1998-Livingston,1998,Livingston,66631,7
1998-Madison,1998,Madison,71802,3
1998-Monroe,1998,Monroe,719287,912
1998-Montgomery,1998,Montgomery,51561,6
1998-Nassau,1998,Nassau,1306423,455
1998-New York,1998,New York,1493622,2136
1998-Niagara,1998,Niagara,220711,120
1998-Oneida,1998,Oneida,233677,88
1998-Onondaga,1998,Onondaga,462459,206
1998-Ontario,1998,Ontario,100186,11
1998-Orange,1998,Orange,327847,92
1998-Orleans,1998,Orleans,44828,0
1998-Oswego,1998,Oswego,125578,7
1998-Otsego,1998,Otsego,61609,7
1998-Putnam,1998,Putnam,92576,8
1998-Queens,1998,Queens,1964518,2459
1998-Rensselaer,1998,Rensselaer,154688,42
1998-Richmond,1998,Richmond,382604,182
1998-Rockland,1998,Rockland,280448,77
1998-Saratoga,1998,Saratoga,196997,8
1998-Schenectady,1998,Schenectady,147533,64
1998-Schoharie,1998,Schoharie,32551,2
1998-Schuyler,1998,Schuyler,19202,2
1998-Seneca,1998,Seneca,32888,4
1998-Steuben,1998,Steuben,99265,9
1998-St. Lawrence,1998,St. Lawrence,114420,8
1998-Suffolk,1998,Suffolk,1365477,372
1998-Sullivan,1998,Sullivan,70503,18
1998-Tioga,1998,Tioga,53075,0
1998-Tompkins,1998,Tompkins,96849,6
1998-Ulster,1998,Ulster,167283,22
1998-Warren,1998,Warren,62023,8
1998-Washington,1998,Washington,60816,8
1998-Wayne,1998,Wayne,95493,16
1998-Westchester,1998,Westchester,898102,421
1998-Wyoming,1998,Wyoming,44690,3
1998-Yates,1998,Yates,24188,1
1997-Albany,1997,Albany,290760,149
1997-Allegany,1997,Allegany,51151,1
1997-Bronx,1997,Bronx,1200558,3241
1997-Broome,1997,Broome,208158,32
1997-Cattaraugus,1997,Cattaraugus,85411,5
1997-Cayuga,1997,Cayuga,82961,12
1997-Chautauqua,1997,Chautauqua,141908,43
1997-Chemung,1997,Chemung,94352,21
1997-Chenango,1997,Chenango,52239,4
1997-Clinton,1997,Clinton,86819,6
1997-Columbia,1997,Columbia,63282,19
1997-Cortland,1997,Cortland,49278,2
1997-Delaware,1997,Delaware,47642,3
1997-Dutchess,1997,Dutchess,260996,88
1997-Erie,1997,Erie,965877,1225
1997-Essex,1997,Essex,37875,2
1997-Franklin,1997,Franklin,49028,2
1997-Fulton,1997,Fulton,54330,9
1997-Genesee,1997,Genesee,61177,7
1997-Greene,1997,Greene,47236,2
1997-Hamilton,1997,Hamilton,5227,0
1997-Herkimer,1997,Herkimer,66686,3
1997-Jefferson,1997,Jefferson,114672,10
1997-Kings,1997,Kings,2298630,5517
1997-Lewis,1997,Lewis,27558,2
1997-Livingston,1997,Livingston,64846,2
1997-Madison,1997,Madison,71575,2
1997-Monroe,1997,Monroe,725650,1328
1997-Montgomery,1997,Montgomery,51998,2
1997-Nassau,1997,Nassau,1298842,542
1997-New York,1997,New York,1486057,2714
1997-Niagara,1997,Niagara,221217,101
1997-Oneida,1997,Oneida,249079,92
1997-Onondaga,1997,Onondaga,472474,267
1997-Ontario,1997,Ontario,98592,6
1997-Orange,1997,Orange,319898,80
1997-Orleans,1997,Orleans,45530,6
1997-Oswego,1997,Oswego,125533,10
1997-Otsego,1997,Otsego,61474,2
1997-Putnam,1997,Putnam,89052,5
1997-Queens,1997,Queens,1954567,2992
1997-Rensselaer,1997,Rensselaer,156057,73
1997-Richmond,1997,Richmond,380665,271
1997-Rockland,1997,Rockland,274363,88
1997-Saratoga,1997,Saratoga,192531,16
1997-Schenectady,1997,Schenectady,149311,79
1997-Schoharie,1997,Schoharie,32973,1
1997-Schuyler,1997,Schuyler,18977,1
1997-Seneca,1997,Seneca,32573,1
1997-Steuben,1997,Steuben,100424,6
1997-St. Lawrence,1997,St. Lawrence,115274,4
1997-Suffolk,1997,Suffolk,1345293,402
1997-Sullivan,1997,Sullivan,70502,21
1997-Tioga,1997,Tioga,53325,4
1997-Tompkins,1997,Tompkins,96127,14
1997-Ulster,1997,Ulster,168558,42
1997-Warren,1997,Warren,61224,9
1997-Washington,1997,Washington,60670,4
1997-Wayne,1997,Wayne,92812,9
1997-Westchester,1997,Westchester,887311,509
1997-Wyoming,1997,Wyoming,43969,5
1997-Yates,1997,Yates,23866,0
1996-Albany,1996,Albany,291536,117
1996-Allegany,1996,Allegany,51291,3
1996-Bronx,1996,Bronx,1203693,4536
1996-Broome,1996,Broome,208713,33
1996-Cattaraugus,1996,Cattaraugus,85642,18
1996-Cayuga,1996,Cayuga,83182,8
1996-Chautauqua,1996,Chautauqua,142287,23
1996-Chemung,1996,Chemung,94605,20
1996-Chenango,1996,Chenango,52382,3
1996-Clinton,1996,Clinton,87051,2
1996-Columbia,1996,Columbia,63454,10
1996-Cortland,1996,Cortland,49410,10
1996-Delaware,1996,Delaware,47772,6
1996-Dutchess,1996,Dutchess,261693,98
1996-Erie,1996,Erie,968442,1299
1996-Essex,1996,Essex,37978,2
1996-Franklin,1996,Franklin,49161,7
1996-Fulton,1996,Fulton,54478,9
1996-Genesee,1996,Genesee,61341,11
1996-Greene,1996,Greene,47365,5
1996-Hamilton,1996,Hamilton,5241,1
1996-Herkimer,1996,Herkimer,66869,3
1996-Jefferson,1996,Jefferson,114980,2
1996-Kings,1996,Kings,2304633,7117
1996-Lewis,1996,Lewis,27632,0
1996-Livingston,1996,Livingston,65021,3
1996-Madison,1996,Madison,71768,5
1996-Monroe,1996,Monroe,727575,1043
1996-Montgomery,1996,Montgomery,52138,5
1996-Nassau,1996,Nassau,1302292,526
1996-New York,1996,New York,1489938,3725
1996-Niagara,1996,Niagara,221806,71
1996-Oneida,1996,Oneida,249746,83
1996-Onondaga,1996,Onondaga,473732,212
1996-Ontario,1996,Ontario,98857,4
1996-Orange,1996,Orange,320759,133
1996-Orleans,1996,Orleans,45653,2
1996-Oswego,1996,Oswego,125869,5
1996-Otsego,1996,Otsego,61638,5
1996-Putnam,1996,Putnam,89290,3
1996-Queens,1996,Queens,1959672,4151
1996-Rensselaer,1996,Rensselaer,156474,54
1996-Richmond,1996,Richmond,381658,382
1996-Rockland,1996,Rockland,275095,57
1996-Saratoga,1996,Saratoga,193045,11
1996-Schenectady,1996,Schenectady,149708,88
1996-Schoharie,1996,Schoharie,33062,6
1996-Schuyler,1996,Schuyler,19028,0
1996-Seneca,1996,Seneca,32661,3
1996-Steuben,1996,Steuben,100697,7
1996-St. Lawrence,1996,St. Lawrence,115583,6
1996-Suffolk,1996,Suffolk,1348867,452
1996-Sullivan,1996,Sullivan,70692,21
1996-Tioga,1996,Tioga,53468,4
1996-Tompkins,1996,Tompkins,96386,19
1996-Ulster,1996,Ulster,169009,22
1996-Warren,1996,Warren,61387,6
1996-Washington,1996,Washington,60834,0
1996-Wayne,1996,Wayne,93063,8
1996-Westchester,1996,Westchester,889681,553
1996-Wyoming,1996,Wyoming,44087,6
1996-Yates,1996,Yates,23930,1
1995-Albany,1995,Albany,290756,157
1995-Allegany,1995,Allegany,51158,12
1995-Bronx,1995,Bronx,1200406,5414
1995-Broome,1995,Broome,208154,31
1995-Cattaraugus,1995,Cattaraugus,85416,14
1995-Cayuga,1995,Cayuga,82961,9
1995-Chautauqua,1995,Chautauqua,141908,24
1995-Chemung,1995,Chemung,94353,23
1995-Chenango,1995,Chenango,52245,5
1995-Clinton,1995,Clinton,86818,4
1995-Columbia,1995,Columbia,63286,11
1995-Cortland,1995,Cortland,49280,3
1995-Delaware,1995,Delaware,47647,2
1995-Dutchess,1995,Dutchess,260997,131
1995-Erie,1995,Erie,965846,1457
1995-Essex,1995,Essex,37878,0
1995-Franklin,1995,Franklin,49030,5
1995-Fulton,1995,Fulton,54334,7
1995-Genesee,1995,Genesee,61178,8
1995-Greene,1995,Greene,47242,2
1995-Hamilton,1995,Hamilton,5228,0
1995-Herkimer,1995,Herkimer,66693,4
1995-Jefferson,1995,Jefferson,114677,7
1995-Kings,1995,Kings,2298337,9578
1995-Lewis,1995,Lewis,27559,1
1995-Livingston,1995,Livingston,64849,7
1995-Madison,1995,Madison,71578,3
1995-Monroe,1995,Monroe,725620,1202
1995-Montgomery,1995,Montgomery,51999,2
1995-Nassau,1995,Nassau,1298798,571
1995-New York,1995,New York,1485868,4565
1995-Niagara,1995,Niagara,221211,87
1995-Oneida,1995,Oneida,249082,100
1995-Onondaga,1995,Onondaga,472465,223
1995-Ontario,1995,Ontario,98595,6
1995-Orange,1995,Orange,319910,88
1995-Orleans,1995,Orleans,45533,8
1995-Oswego,1995,Oswego,125534,1
1995-Otsego,1995,Otsego,61473,6
1995-Putnam,1995,Putnam,89053,11
1995-Queens,1995,Queens,1954319,5438
1995-Rensselaer,1995,Rensselaer,156057,49
1995-Richmond,1995,Richmond,380616,480
1995-Rockland,1995,Rockland,274361,93
1995-Saratoga,1995,Saratoga,192530,16
1995-Schenectady,1995,Schenectady,149307,91
1995-Schoharie,1995,Schoharie,32975,1
1995-Schuyler,1995,Schuyler,18977,0
1995-Seneca,1995,Seneca,32576,3
1995-Steuben,1995,Steuben,100432,9
1995-St. Lawrence,1995,St. Lawrence,115276,7
1995-Suffolk,1995,Suffolk,1345242,479
1995-Sullivan,1995,Sullivan,70504,34
1995-Tioga,1995,Tioga,53326,4
1995-Tompkins,1995,Tompkins,96130,15
1995-Ulster,1995,Ulster,168560,29
1995-Warren,1995,Warren,61223,8
1995-Washington,1995,Washington,60674,2
1995-Wayne,1995,Wayne,92816,8
1995-Westchester,1995,Westchester,887306,654
1995-Wyoming,1995,Wyoming,43971,3
1995-Yates,1995,Yates,23867,2
1994-Albany,1994,Albany,293843,162
1994-Allegany,1994,Allegany,51575,2
1994-Bronx,1994,Bronx,1203141,7498
1994-Broome,1994,Broome,213168,42
1994-Cattaraugus,1994,Cattaraugus,85932,6
1994-Cayuga,1994,Cayuga,94356,10
1994-Chautauqua,1994,Chautauqua,142115,26
1994-Chemung,1994,Chemung,95512,11
1994-Chenango,1994,Chenango,52369,1
1994-Clinton,1994,Clinton,86314,4
1994-Columbia,1994,Columbia,63206,10
1994-Cortland,1994,Cortland,49608,4
1994-Delaware,1994,Delaware,47664,5
1994-Dutchess,1994,Dutchess,263713,119
1994-Erie,1994,Erie,975490,1749
1994-Essex,1994,Essex,37646,9
1994-Franklin,1994,Franklin,48122,7
1994-Fulton,1994,Fulton,54154,8
1994-Genesee,1994,Genesee,61036,6
1994-Greene,1994,Greene,46535,7
1994-Hamilton,1994,Hamilton,5395,0
1994-Herkimer,1994,Herkimer,66376,7
1994-Jefferson,1994,Jefferson,114027,12
1994-Kings,1994,Kings,2303574,15260
1994-Lewis,1994,Lewis,27521,1
1994-Livingston,1994,Livingston,63555,4
1994-Madison,1994,Madison,71287,2
1994-Monroe,1994,Monroe,726806,1314
1994-Montgomery,1994,Montgomery,52232,2
1994-Nassau,1994,Nassau,1306358,678
1994-New York,1994,New York,1489253,7541
1994-Niagara,1994,Niagara,222338,82
1994-Oneida,1994,Oneida,253006,90
1994-Onondaga,1994,Onondaga,475358,190
1994-Ontario,1994,Ontario,97905,4
1994-Orange,1994,Orange,316769,132
1994-Orleans,1994,Orleans,43876,2
1994-Oswego,1994,Oswego,125283,5
1994-Otsego,1994,Otsego,61185,8
1994-Putnam,1994,Putnam,87473,4
1994-Queens,1994,Queens,1958772,7559
1994-Rensselaer,1994,Rensselaer,156853,37
1994-Richmond,1994,Richmond,381484,764
1994-Rockland,1994,Rockland,271737,70
1994-Saratoga,1994,Saratoga,189002,12
1994-Schenectady,1994,Schenectady,150601,95
1994-Schoharie,1994,Schoharie,32605,0
1994-Schuyler,1994,Schuyler,18958,1
1994-Seneca,1994,Seneca,33645,0
1994-Steuben,1994,Steuben,100455,10
1994-St. Lawrence,1994,St. Lawrence,114189,7
1994-Suffolk,1994,Suffolk,1342613,642
1994-Sullivan,1994,Sullivan,70932,27
1994-Tioga,1994,Tioga,53551,0
1994-Tompkins,1994,Tompkins,95651,9
1994-Ulster,1994,Ulster,169736,23
1994-Warren,1994,Warren,60682,5
1994-Washington,1994,Washington,60651,1
1994-Wayne,1994,Wayne,91607,14
1994-Westchester,1994,Westchester,884719,660
1994-Wyoming,1994,Wyoming,43629,2
1994-Yates,1994,Yates,23302,2
1993-Albany,1993,Albany,294302,104
1993-Allegany,1993,Allegany,51659,4
1993-Bronx,1993,Bronx,1204950,9954
1993-Broome,1993,Broome,213500,31
1993-Cattaraugus,1993,Cattaraugus,86069,13
1993-Cayuga,1993,Cayuga,83056,19
1993-Chautauqua,1993,Chautauqua,142339,24
1993-Chemung,1993,Chemung,95663,15
1993-Chenango,1993,Chenango,52454,2
1993-Clinton,1993,Clinton,86450,3
1993-Columbia,1993,Columbia,63307,13
1993-Cortland,1993,Cortland,49686,4
1993-Delaware,1993,Delaware,47743,7
1993-Dutchess,1993,Dutchess,264128,132
1993-Erie,1993,Erie,977004,1440
1993-Essex,1993,Essex,37707,2
1993-Franklin,1993,Franklin,48199,8
1993-Fulton,1993,Fulton,54241,6
1993-Genesee,1993,Genesee,61132,11
1993-Greene,1993,Greene,46611,2
1993-Hamilton,1993,Hamilton,5404,0
1993-Herkimer,1993,Herkimer,66483,5
1993-Jefferson,1993,Jefferson,114208,7
1993-Kings,1993,Kings,2307039,20453
1993-Lewis,1993,Lewis,27565,5
1993-Livingston,1993,Livingston,63655,6
1993-Madison,1993,Madison,71400,7
1993-Monroe,1993,Monroe,727933,1220
1993-Montgomery,1993,Montgomery,52315,1
1993-Nassau,1993,Nassau,1308384,796
1993-New York,1993,New York,1491493,8766
1993-Niagara,1993,Niagara,222685,85
1993-Oneida,1993,Oneida,253403,88
1993-Onondaga,1993,Onondaga,476098,224
1993-Ontario,1993,Ontario,98060,6
1993-Orange,1993,Orange,317272,121
1993-Orleans,1993,Orleans,43946,4
1993-Oswego,1993,Oswego,125480,12
1993-Otsego,1993,Otsego,61281,7
1993-Putnam,1993,Putnam,87611,8
1993-Queens,1993,Queens,1961718,9488
1993-Rensselaer,1993,Rensselaer,157098,46
1993-Richmond,1993,Richmond,382057,1029
1993-Rockland,1993,Rockland,272163,85
1993-Saratoga,1993,Saratoga,189298,20
1993-Schenectady,1993,Schenectady,150837,56
1993-Schoharie,1993,Schoharie,32656,3
1993-Schuyler,1993,Schuyler,18988,2
1993-Seneca,1993,Seneca,33701,0
1993-Steuben,1993,Steuben,100617,9
1993-St. Lawrence,1993,St. Lawrence,114369,10
1993-Suffolk,1993,Suffolk,1344696,895
1993-Sullivan,1993,Sullivan,71045,38
1993-Tioga,1993,Tioga,53635,3
1993-Tompkins,1993,Tompkins,95802,13
1993-Ulster,1993,Ulster,170006,62
1993-Warren,1993,Warren,60776,4
1993-Washington,1993,Washington,60747,7
1993-Wayne,1993,Wayne,91752,11
1993-Westchester,1993,Westchester,886086,678
1993-Wyoming,1993,Wyoming,43699,4
1993-Yates,1993,Yates,23339,2
1992-Albany,1992,Albany,295018,116
1992-Allegany,1992,Allegany,50820,10
1992-Bronx,1992,Bronx,1209516,9898
1992-Broome,1992,Broome,213668,32
1992-Cattaraugus,1992,Cattaraugus,84825,5
1992-Cayuga,1992,Cayuga,82897,9
1992-Chautauqua,1992,Chautauqua,142900,19
1992-Chemung,1992,Chemung,95869,16
1992-Chenango,1992,Chenango,52128,6
1992-Clinton,1992,Clinton,86579,6
1992-Columbia,1992,Columbia,63424,12
1992-Cortland,1992,Cortland,49310,5
1992-Delaware,1992,Delaware,47555,10
1992-Dutchess,1992,Dutchess,261299,146
1992-Erie,1992,Erie,975430,1364
1992-Essex,1992,Essex,37411,5
1992-Franklin,1992,Franklin,46868,8
1992-Fulton,1992,Fulton,54572,5
1992-Genesee,1992,Genesee,60484,2
1992-Greene,1992,Greene,45050,5
1992-Hamilton,1992,Hamilton,5315,1
1992-Herkimer,1992,Herkimer,66259,0
1992-Jefferson,1992,Jefferson,111723,10
1992-Kings,1992,Kings,2315780,21070
1992-Lewis,1992,Lewis,26985,1
1992-Livingston,1992,Livingston,62808,1
1992-Madison,1992,Madison,69605,1
1992-Monroe,1992,Monroe,719054,1031
1992-Montgomery,1992,Montgomery,52347,4
1992-Nassau,1992,Nassau,1296521,1058
1992-New York,1992,New York,1497145,9623
1992-Niagara,1992,Niagara,222326,79
1992-Oneida,1992,Oneida,252609,84
1992-Onondaga,1992,Onondaga,472306,247
1992-Ontario,1992,Ontario,95773,14
1992-Orange,1992,Orange,309812,105
1992-Orleans,1992,Orleans,42140,3
1992-Oswego,1992,Oswego,122633,5
1992-Otsego,1992,Otsego,60947,4
1992-Putnam,1992,Putnam,84535,5
1992-Queens,1992,Queens,1969950,10936
1992-Rensselaer,1992,Rensselaer,155523,26
1992-Richmond,1992,Richmond,382706,1005
1992-Rockland,1992,Rockland,267362,102
1992-Saratoga,1992,Saratoga,182561,23
1992-Schenectady,1992,Schenectady,150345,64
1992-Schoharie,1992,Schoharie,32082,1
1992-Schuyler,1992,Schuyler,18793,4
1992-Seneca,1992,Seneca,33920,1
1992-Steuben,1992,Steuben,99783,8
1992-St. Lawrence,1992,St. Lawrence,112764,8
1992-Suffolk,1992,Suffolk,1331288,938
1992-Sullivan,1992,Sullivan,69765,17
1992-Tioga,1992,Tioga,52708,2
1992-Tompkins,1992,Tompkins,94762,4
1992-Ulster,1992,Ulster,166468,37
1992-Warren,1992,Warren,59628,2
1992-Washington,1992,Washington,59745,2
1992-Wayne,1992,Wayne,89754,5
1992-Westchester,1992,Westchester,881073,619
1992-Wyoming,1992,Wyoming,42804,8
1992-Yates,1992,Yates,22970,2
1991-Albany,1991,Albany,294030,120
1991-Allegany,1991,Allegany,50654,4
1991-Bronx,1991,Bronx,1205404,10927
1991-Broome,1991,Broome,212952,18
1991-Cattaraugus,1991,Cattaraugus,84545,5
1991-Cayuga,1991,Cayuga,82620,13
1991-Chautauqua,1991,Chautauqua,142423,21
1991-Chemung,1991,Chemung,95549,5
1991-Chenango,1991,Chenango,51957,8
1991-Clinton,1991,Clinton,86288,3
1991-Columbia,1991,Columbia,63215,13
1991-Cortland,1991,Cortland,49146,1
1991-Delaware,1991,Delaware,47398,1
1991-Dutchess,1991,Dutchess,260427,139
1991-Erie,1991,Erie,972153,989
1991-Essex,1991,Essex,37288,3
1991-Franklin,1991,Franklin,46713,5
1991-Fulton,1991,Fulton,54391,7
1991-Genesee,1991,Genesee,60283,6
1991-Greene,1991,Greene,44903,5
1991-Hamilton,1991,Hamilton,5298,0
1991-Herkimer,1991,Herkimer,66040,10
1991-Jefferson,1991,Jefferson,111353,2
1991-Kings,1991,Kings,2307907,21878
1991-Lewis,1991,Lewis,26895,1
1991-Livingston,1991,Livingston,62601,2
1991-Madison,1991,Madison,69375,3
1991-Monroe,1991,Monroe,716639,871
1991-Montgomery,1991,Montgomery,52173,1
1991-Nassau,1991,Nassau,1292164,901
1991-New York,1991,New York,1492055,10741
1991-Niagara,1991,Niagara,221581,78
1991-Oneida,1991,Oneida,251768,60
1991-Onondaga,1991,Onondaga,470722,188
1991-Ontario,1991,Ontario,95454,2
1991-Orange,1991,Orange,308786,80
1991-Orleans,1991,Orleans,42001,5
1991-Oswego,1991,Oswego,122224,8
1991-Otsego,1991,Otsego,60743,6
1991-Putnam,1991,Putnam,84254,7
1991-Queens,1991,Queens,1962456,11173
1991-Rensselaer,1991,Rensselaer,155003,20
1991-Richmond,1991,Richmond,382201,798
1991-Rockland,1991,Rockland,266466,79
1991-Saratoga,1991,Saratoga,181951,19
1991-Schenectady,1991,Schenectady,149842,43
1991-Schoharie,1991,Schoharie,31976,1
1991-Schuyler,1991,Schuyler,18731,3
1991-Seneca,1991,Seneca,33807,3
1991-Steuben,1991,Steuben,99454,4
1991-St. Lawrence,1991,St. Lawrence,112389,4
1991-Suffolk,1991,Suffolk,1326812,829
1991-Sullivan,1991,Sullivan,69532,10
1991-Tioga,1991,Tioga,52531,4
1991-Tompkins,1991,Tompkins,94446,6
1991-Ulster,1991,Ulster,165915,29
1991-Warren,1991,Warren,59429,3
1991-Washington,1991,Washington,59548,2
1991-Wayne,1991,Wayne,89454,12
1991-Westchester,1991,Westchester,878128,774
1991-Wyoming,1991,Wyoming,42663,3
1991-Yates,1991,Yates,22894,1
1990-Albany,1990,Albany,292594,122
1990-Allegany,1990,Allegany,50470,1
1990-Bronx,1990,Bronx,1200900,10869
1990-Broome,1990,Broome,212160,13
1990-Cattaraugus,1990,Cattaraugus,84234,5
1990-Cayuga,1990,Cayuga,82313,13
1990-Chautauqua,1990,Chautauqua,141895,19
1990-Chemung,1990,Chemung,95195,14
1990-Chenango,1990,Chenango,51768,1
1990-Clinton,1990,Clinton,85969,9
1990-Columbia,1990,Columbia,62982,3
1990-Cortland,1990,Cortland,48963,2
1990-Delaware,1990,Delaware,47225,3
1990-Dutchess,1990,Dutchess,259462,110
1990-Erie,1990,Erie,968532,758
1990-Essex,1990,Essex,37152,4
1990-Franklin,1990,Franklin,46540,7
1990-Fulton,1990,Fulton,54191,8
1990-Genesee,1990,Genesee,60060,3
1990-Greene,1990,Greene,44739,4
1990-Hamilton,1990,Hamilton,5279,0
1990-Herkimer,1990,Herkimer,65797,1
1990-Jefferson,1990,Jefferson,110943,2
1990-Kings,1990,Kings,2299285,21025
1990-Lewis,1990,Lewis,26796,10
1990-Livingston,1990,Livingston,62372,16
1990-Madison,1990,Madison,69120,2
1990-Monroe,1990,Monroe,713968,749
1990-Montgomery,1990,Montgomery,51981,2
1990-Nassau,1990,Nassau,1287348,687
1990-New York,1990,New York,1486480,10304
1990-Niagara,1990,Niagara,220756,73
1990-Oneida,1990,Oneida,250836,29
1990-Onondaga,1990,Onondaga,468973,120
1990-Ontario,1990,Ontario,95101,11
1990-Orange,1990,Orange,307647,129
1990-Orleans,1990,Orleans,41846,4
1990-Oswego,1990,Oswego,121771,4
1990-Otsego,1990,Otsego,60517,3
1990-Putnam,1990,Putnam,83941,8
1990-Queens,1990,Queens,1955125,9832
1990-Rensselaer,1990,Rensselaer,154429,16
1990-Richmond,1990,Richmond,380774,675
1990-Rockland,1990,Rockland,265475,42
1990-Saratoga,1990,Saratoga,181276,12
1990-Schenectady,1990,Schenectady,149285,37
1990-Schoharie,1990,Schoharie,31859,2
1990-Schuyler,1990,Schuyler,18662,3
1990-Seneca,1990,Seneca,33683,1
1990-Steuben,1990,Steuben,99088,6
1990-St. Lawrence,1990,St. Lawrence,111974,8
1990-Suffolk,1990,Suffolk,1321864,651
1990-Sullivan,1990,Sullivan,69277,10
1990-Tioga,1990,Tioga,52337,4
1990-Tompkins,1990,Tompkins,94097,6
1990-Ulster,1990,Ulster,165304,36
1990-Warren,1990,Warren,59209,3
1990-Washington,1990,Washington,59330,1
1990-Wayne,1990,Wayne,89123,9
1990-Westchester,1990,Westchester,874866,647
1990-Wyoming,1990,Wyoming,42507,5
1990-Yates,1990,Yates,22810,2
